炉次主键,出钢记号,计划顺序号,方法,分配状态,钢包号,真实行车号,预计等待时间(秒),等级匹配,硬约束违反,分配原因,决策路径
AP1055E1::300685,AP1055E1,300685,decision_tree,已分配,ST15,2520,0,TRUE,,规则决策树→真实行车距离/作业均衡→硬约束终检→本次转运后钢包释放,input_complete:pass;ladle_state_repair_argon:pass;grade_age_weight_previous_grade:pass;crane_load_time_safety:pass;yellow_rule_score:warn.missing.ladle_state;crane_distance_and_workload:scored;ladle_reuse:immediate_release
JU7P2NP6::300681,JU7P2NP6,300681,decision_tree,已分配,ST36,2500,0,FALSE,,规则决策树→真实行车距离/作业均衡→硬约束终检→本次转运后钢包释放,input_complete:pass;ladle_state_repair_argon:pass;grade_age_weight_previous_grade:pass;crane_load_time_safety:pass;yellow_rule_score:warn.grade_not_enforced.missing.ladle_state;crane_distance_and_workload:scored;ladle_reuse:immediate_release
AP1055E1::300679,AP1055E1,300679,decision_tree,已分配,ST36,2500,0,TRUE,,规则决策树→真实行车距离/作业均衡→硬约束终检→本次转运后钢包释放,input_complete:pass;ladle_state_repair_argon:pass;grade_age_weight_previous_grade:pass;crane_load_time_safety:pass;yellow_rule_score:warn.missing.ladle_state;crane_distance_and_workload:scored;ladle_reuse:immediate_release
JU7P2NP6::300686,JU7P2NP6,300686,decision_tree,已分配,ST15,2520,0,FALSE,,规则决策树→真实行车距离/作业均衡→硬约束终检→本次转运后钢包释放,input_complete:pass;ladle_state_repair_argon:pass;grade_age_weight_previous_grade:pass;crane_load_time_safety:pass;yellow_rule_score:warn.grade_not_enforced.missing.ladle_state;crane_distance_and_workload:scored;ladle_reuse:immediate_release
MW9126E1::300688,MW9126E1,300688,decision_tree,已分配,ST15,3520,0,TRUE,,规则决策树→真实行车距离/作业均衡→硬约束终检→本次转运后钢包释放,input_complete:pass;ladle_state_repair_argon:pass;grade_age_weight_previous_grade:pass;crane_load_time_safety:pass;yellow_rule_score:warn.missing.ladle_state;crane_distance_and_workload:scored;ladle_reuse:immediate_release
JU7P2EP6::300694,JU7P2EP6,300694,decision_tree,已分配,ST08,1520,0,FALSE,,规则决策树→真实行车距离/作业均衡→硬约束终检→本次转运后钢包释放,input_complete:pass;ladle_state_repair_argon:pass;grade_age_weight_previous_grade:pass;crane_load_time_safety:pass;yellow_rule_score:warn.grade_not_enforced.missing.ladle_state;crane_distance_and_workload:scored;ladle_reuse:immediate_release
MW9126E1::300683,MW9126E1,300683,decision_tree,已分配,ST15,3170,0.08,TRUE,,规则决策树→真实行车距离/作业均衡→硬约束终检→本次转运后钢包释放,input_complete:pass;ladle_state_repair_argon:pass;grade_age_weight_previous_grade:pass;crane_load_time_safety:pass;yellow_rule_score:warn.missing.ladle_state;crane_distance_and_workload:scored;ladle_reuse:immediate_release
JU7P2NP6::300684,JU7P2NP6,300684,decision_tree,已分配,ST51,2170,0,FALSE,,规则决策树→真实行车距离/作业均衡→硬约束终检→本次转运后钢包释放,input_complete:pass;ladle_state_repair_argon:pass;grade_age_weight_previous_grade:pass;crane_load_time_safety:pass;yellow_rule_score:warn.grade_not_enforced.missing.ladle_state.empty_ladle_weight_not_enforced;crane_distance_and_workload:scored;ladle_reuse:immediate_release
DR4143E5::300695,DR4143E5,300695,decision_tree,已分配,ST51,1170,0,TRUE,,规则决策树→真实行车距离/作业均衡→硬约束终检→本次转运后钢包释放,input_complete:pass;ladle_state_repair_argon:pass;grade_age_weight_previous_grade:pass;crane_load_time_safety:pass;yellow_rule_score:warn.missing.ladle_state.empty_ladle_weight_not_enforced;crane_distance_and_workload:scored;ladle_reuse:immediate_release
IW9321E7::300696,IW9321E7,300696,decision_tree,已分配,ST36,2500,0,TRUE,,规则决策树→真实行车距离/作业均衡→硬约束终检→本次转运后钢包释放,input_complete:pass;ladle_state_repair_argon:pass;grade_age_weight_previous_grade:pass;crane_load_time_safety:pass;yellow_rule_score:warn.missing.ladle_state;crane_distance_and_workload:scored;ladle_reuse:immediate_release
AP1055E1::300697,AP1055E1,300697,decision_tree,已分配,ST15,3520,0,TRUE,,规则决策树→真实行车距离/作业均衡→硬约束终检→本次转运后钢包释放,input_complete:pass;ladle_state_repair_argon:pass;grade_age_weight_previous_grade:pass;crane_load_time_safety:pass;yellow_rule_score:warn.missing.ladle_state;crane_distance_and_workload:scored;ladle_reuse:immediate_release
JU7P2EP6::300698,JU7P2EP6,300698,decision_tree,已分配,ST15,2520,0,FALSE,,规则决策树→真实行车距离/作业均衡→硬约束终检→本次转运后钢包释放,input_complete:pass;ladle_state_repair_argon:pass;grade_age_weight_previous_grade:pass;crane_load_time_safety:pass;yellow_rule_score:warn.grade_not_enforced.missing.ladle_state;crane_distance_and_workload:scored;ladle_reuse:immediate_release
MW9126E1::300680,MW9126E1,300680,decision_tree,已分配,ST36,4170,0,TRUE,,规则决策树→真实行车距离/作业均衡→硬约束终检→本次转运后钢包释放,input_complete:pass;ladle_state_repair_argon:pass;grade_age_weight_previous_grade:pass;crane_load_time_safety:pass;yellow_rule_score:warn.missing.ladle_state;crane_distance_and_workload:scored;ladle_reuse:immediate_release
AR4143E5::300687,AR4143E5,300687,decision_tree,已分配,ST51,2170,4.208,TRUE,,规则决策树→真实行车距离/作业均衡→硬约束终检→本次转运后钢包释放,input_complete:pass;ladle_state_repair_argon:pass;grade_age_weight_previous_grade:pass;crane_load_time_safety:pass;yellow_rule_score:warn.missing.ladle_state.empty_ladle_weight_not_enforced;crane_distance_and_workload:scored;ladle_reuse:immediate_release
DR4143E5::300699,DR4143E5,300699,decision_tree,已分配,ST15,3170,0,TRUE,,规则决策树→真实行车距离/作业均衡→硬约束终检→本次转运后钢包释放,input_complete:pass;ladle_state_repair_argon:pass;grade_age_weight_previous_grade:pass;crane_load_time_safety:pass;yellow_rule_score:warn.missing.ladle_state;crane_distance_and_workload:scored;ladle_reuse:immediate_release
IW9421E5::300700,IW9421E5,300700,decision_tree,已分配,ST51,1170,0,TRUE,,规则决策树→真实行车距离/作业均衡→硬约束终检→本次转运后钢包释放,input_complete:pass;ladle_state_repair_argon:pass;grade_age_weight_previous_grade:pass;crane_load_time_safety:pass;yellow_rule_score:warn.missing.ladle_state.empty_ladle_weight_not_enforced;crane_distance_and_workload:scored;ladle_reuse:immediate_release
AP1055E1::300682,AP1055E1,300682,decision_tree,已分配,ST08,1520,0,TRUE,,规则决策树→真实行车距离/作业均衡→硬约束终检→本次转运后钢包释放,input_complete:pass;ladle_state_repair_argon:pass;grade_age_weight_previous_grade:pass;crane_load_time_safety:pass;yellow_rule_score:warn.missing.ladle_state;crane_distance_and_workload:scored;ladle_reuse:immediate_release
AP1055E1::300689,AP1055E1,300689,decision_tree,已分配,ST51,1170,1.79,TRUE,,规则决策树→真实行车距离/作业均衡→硬约束终检→本次转运后钢包释放,input_complete:pass;ladle_state_repair_argon:pass;grade_age_weight_previous_grade:pass;crane_load_time_safety:pass;yellow_rule_score:warn.missing.ladle_state.empty_ladle_weight_not_enforced;crane_distance_and_workload:scored;ladle_reuse:immediate_release
DT3853D8::300664,DT3853D8,300664,decision_tree,已分配,ST15,2520,0.466,TRUE,,规则决策树→真实行车距离/作业均衡→硬约束终检→本次转运后钢包释放,input_complete:pass;ladle_state_repair_argon:pass;grade_age_weight_previous_grade:pass;crane_load_time_safety:pass;yellow_rule_score:warn.missing.ladle_state;crane_distance_and_workload:scored;ladle_reuse:immediate_release
AN1541E8::300666,AN1541E8,300666,decision_tree,已分配,ST27,1170,0.455,TRUE,,规则决策树→真实行车距离/作业均衡→硬约束终检→本次转运后钢包释放,input_complete:pass;ladle_state_repair_argon:pass;grade_age_weight_previous_grade:pass;crane_load_time_safety:pass;yellow_rule_score:warn.missing.ladle_state;crane_distance_and_workload:scored;ladle_reuse:immediate_release
EU7815A6::300668,EU7815A6,300668,decision_tree,已分配,ST36,2500,4.095,FALSE,,规则决策树→真实行车距离/作业均衡→硬约束终检→本次转运后钢包释放,input_complete:pass;ladle_state_repair_argon:pass;grade_age_weight_previous_grade:pass;crane_load_time_safety:pass;yellow_rule_score:warn.grade_not_enforced.missing.ladle_state;crane_distance_and_workload:scored;ladle_reuse:immediate_release
AN1541E8::300670,AN1541E8,300670,decision_tree,已分配,ST36,4170,0.85,TRUE,,规则决策树→真实行车距离/作业均衡→硬约束终检→本次转运后钢包释放,input_complete:pass;ladle_state_repair_argon:pass;grade_age_weight_previous_grade:pass;crane_load_time_safety:pass;yellow_rule_score:warn.missing.ladle_state;crane_distance_and_workload:scored;ladle_reuse:immediate_release
DU3851D1::300671,DU3851D1,300671,decision_tree,已分配,ST21,2170,1.274,TRUE,,规则决策树→真实行车距离/作业均衡→硬约束终检→本次转运后钢包释放,input_complete:pass;ladle_state_repair_argon:pass;grade_age_weight_previous_grade:pass;crane_load_time_safety:pass;yellow_rule_score:warn.missing.ladle_state;crane_distance_and_workload:scored;ladle_reuse:immediate_release
EU7815A6::300672,EU7815A6,300672,decision_tree,已分配,ST19,2170,0,FALSE,,规则决策树→真实行车距离/作业均衡→硬约束终检→本次转运后钢包释放,input_complete:pass;ladle_state_repair_argon:pass;grade_age_weight_previous_grade:pass;crane_load_time_safety:pass;yellow_rule_score:warn.grade_not_enforced.missing.ladle_state;crane_distance_and_workload:scored;ladle_reuse:immediate_release
MW9126E1::300673,MW9126E1,300673,decision_tree,已分配,ST15,3520,3.465,TRUE,,规则决策树→真实行车距离/作业均衡→硬约束终检→本次转运后钢包释放,input_complete:pass;ladle_state_repair_argon:pass;grade_age_weight_previous_grade:pass;crane_load_time_safety:pass;yellow_rule_score:warn.missing.ladle_state;crane_distance_and_workload:scored;ladle_reuse:immediate_release
DU3856D5::300675,DU3856D5,300675,decision_tree,已分配,ST15,2520,0,TRUE,,规则决策树→真实行车距离/作业均衡→硬约束终检→本次转运后钢包释放,input_complete:pass;ladle_state_repair_argon:pass;grade_age_weight_previous_grade:pass;crane_load_time_safety:pass;yellow_rule_score:warn.missing.ladle_state;crane_distance_and_workload:scored;ladle_reuse:immediate_release
AN1541E8::300674,AN1541E8,300674,decision_tree,已分配,ST06,1520,1.315,TRUE,,规则决策树→真实行车距离/作业均衡→硬约束终检→本次转运后钢包释放,input_complete:pass;ladle_state_repair_argon:pass;grade_age_weight_previous_grade:pass;crane_load_time_safety:pass;yellow_rule_score:warn.missing.ladle_state;crane_distance_and_workload:scored;ladle_reuse:immediate_release
EU7815A6::300676,EU7815A6,300676,decision_tree,已分配,ST27,1170,0,FALSE,,规则决策树→真实行车距离/作业均衡→硬约束终检→本次转运后钢包释放,input_complete:pass;ladle_state_repair_argon:pass;grade_age_weight_previous_grade:pass;crane_load_time_safety:pass;yellow_rule_score:warn.grade_not_enforced.missing.ladle_state;crane_distance_and_workload:scored;ladle_reuse:immediate_release
MW9126E1::300677,MW9126E1,300677,decision_tree,已分配,ST08,1520,0.45,TRUE,,规则决策树→真实行车距离/作业均衡→硬约束终检→本次转运后钢包释放,input_complete:pass;ladle_state_repair_argon:pass;grade_age_weight_previous_grade:pass;crane_load_time_safety:pass;yellow_rule_score:warn.missing.ladle_state;crane_distance_and_workload:scored;ladle_reuse:immediate_release
DR4143E5::300690,DR4143E5,300690,decision_tree,已分配,ST36,4170,0,TRUE,,规则决策树→真实行车距离/作业均衡→硬约束终检→本次转运后钢包释放,input_complete:pass;ladle_state_repair_argon:pass;grade_age_weight_previous_grade:pass;crane_load_time_safety:pass;yellow_rule_score:warn.missing.ladle_state;crane_distance_and_workload:scored;ladle_reuse:immediate_release
JU7P2EP6::300691,JU7P2EP6,300691,decision_tree,已分配,ST36,4170,0,FALSE,,规则决策树→真实行车距离/作业均衡→硬约束终检→本次转运后钢包释放,input_complete:pass;ladle_state_repair_argon:pass;grade_age_weight_previous_grade:pass;crane_load_time_safety:pass;yellow_rule_score:warn.grade_not_enforced.missing.ladle_state;crane_distance_and_workload:scored;ladle_reuse:immediate_release
IW9321E7::300692,IW9321E7,300692,decision_tree,已分配,ST15,3170,0,TRUE,,规则决策树→真实行车距离/作业均衡→硬约束终检→本次转运后钢包释放,input_complete:pass;ladle_state_repair_argon:pass;grade_age_weight_previous_grade:pass;crane_load_time_safety:pass;yellow_rule_score:warn.missing.ladle_state;crane_distance_and_workload:scored;ladle_reuse:immediate_release
AP1055E1::300693,AP1055E1,300693,decision_tree,已分配,ST08,1520,0,TRUE,,规则决策树→真实行车距离/作业均衡→硬约束终检→本次转运后钢包释放,input_complete:pass;ladle_state_repair_argon:pass;grade_age_weight_previous_grade:pass;crane_load_time_safety:pass;yellow_rule_score:warn.missing.ladle_state;crane_distance_and_workload:scored;ladle_reuse:immediate_release
AN1541E8::300678,AN1541E8,300678,decision_tree,已分配,ST15,3520,0,TRUE,,规则决策树→真实行车距离/作业均衡→硬约束终检→本次转运后钢包释放,input_complete:pass;ladle_state_repair_argon:pass;grade_age_weight_previous_grade:pass;crane_load_time_safety:pass;yellow_rule_score:warn.missing.ladle_state;crane_distance_and_workload:scored;ladle_reuse:immediate_release
AN1541E5::300721,AN1541E5,300721,decision_tree,已分配,ST07,3170,0,TRUE,,规则决策树→真实行车距离/作业均衡→硬约束终检→本次转运后钢包释放,input_complete:pass;ladle_state_repair_argon:pass;grade_age_weight_previous_grade:pass;crane_load_time_safety:pass;yellow_rule_score:warn.missing.ladle_state;crane_distance_and_workload:scored;ladle_reuse:immediate_release
AN1541E5::300723,AN1541E5,300723,decision_tree,已分配,ST07,4170,0,TRUE,,规则决策树→真实行车距离/作业均衡→硬约束终检→本次转运后钢包释放,input_complete:pass;ladle_state_repair_argon:pass;grade_age_weight_previous_grade:pass;crane_load_time_safety:pass;yellow_rule_score:warn.missing.ladle_state;crane_distance_and_workload:scored;ladle_reuse:immediate_release
DP0941D1::300719,DP0941D1,300719,decision_tree,已分配,ST51,2170,0,TRUE,,规则决策树→真实行车距离/作业均衡→硬约束终检→本次转运后钢包释放,input_complete:pass;ladle_state_repair_argon:pass;grade_age_weight_previous_grade:pass;crane_load_time_safety:pass;yellow_rule_score:warn.missing.ladle_state.empty_ladle_weight_not_enforced;crane_distance_and_workload:scored;ladle_reuse:immediate_release
DP0161D1::300722,DP0161D1,300722,decision_tree,已分配,ST51,1170,0,TRUE,,规则决策树→真实行车距离/作业均衡→硬约束终检→本次转运后钢包释放,input_complete:pass;ladle_state_repair_argon:pass;grade_age_weight_previous_grade:pass;crane_load_time_safety:pass;yellow_rule_score:warn.missing.ladle_state.empty_ladle_weight_not_enforced;crane_distance_and_workload:scored;ladle_reuse:immediate_release
AN1541E5::300725,AN1541E5,300725,decision_tree,已分配,ST07,3520,0,TRUE,,规则决策树→真实行车距离/作业均衡→硬约束终检→本次转运后钢包释放,input_complete:pass;ladle_state_repair_argon:pass;grade_age_weight_previous_grade:pass;crane_load_time_safety:pass;yellow_rule_score:warn.missing.ladle_state;crane_distance_and_workload:scored;ladle_reuse:immediate_release
DP0161D1::300726,DP0161D1,300726,decision_tree,已分配,ST36,2500,0,TRUE,,规则决策树→真实行车距离/作业均衡→硬约束终检→本次转运后钢包释放,input_complete:pass;ladle_state_repair_argon:pass;grade_age_weight_previous_grade:pass;crane_load_time_safety:pass;yellow_rule_score:warn.missing.ladle_state;crane_distance_and_workload:scored;ladle_reuse:immediate_release
GS5143F5::300728,GS5143F5,300728,decision_tree,已分配,ST07,3170,0,TRUE,,规则决策树→真实行车距离/作业均衡→硬约束终检→本次转运后钢包释放,input_complete:pass;ladle_state_repair_argon:pass;grade_age_weight_previous_grade:pass;crane_load_time_safety:pass;yellow_rule_score:warn.missing.ladle_state;crane_distance_and_workload:scored;ladle_reuse:immediate_release
JU7P2EP6::300730,JU7P2EP6,300730,decision_tree,已分配,ST36,2500,0,FALSE,,规则决策树→真实行车距离/作业均衡→硬约束终检→本次转运后钢包释放,input_complete:pass;ladle_state_repair_argon:pass;grade_age_weight_previous_grade:pass;crane_load_time_safety:pass;yellow_rule_score:warn.grade_not_enforced.missing.ladle_state;crane_distance_and_workload:scored;ladle_reuse:immediate_release
AN1541E8::300729,AN1541E8,300729,decision_tree,已分配,ST51,2170,0,TRUE,,规则决策树→真实行车距离/作业均衡→硬约束终检→本次转运后钢包释放,input_complete:pass;ladle_state_repair_argon:pass;grade_age_weight_previous_grade:pass;crane_load_time_safety:pass;yellow_rule_score:warn.missing.ladle_state.empty_ladle_weight_not_enforced;crane_distance_and_workload:scored;ladle_reuse:immediate_release
JU6310E7::300732,JU6310E7,300732,decision_tree,已分配,ST51,1170,0,TRUE,,规则决策树→真实行车距离/作业均衡→硬约束终检→本次转运后钢包释放,input_complete:pass;ladle_state_repair_argon:pass;grade_age_weight_previous_grade:pass;crane_load_time_safety:pass;yellow_rule_score:warn.missing.ladle_state.empty_ladle_weight_not_enforced;crane_distance_and_workload:scored;ladle_reuse:immediate_release
JU7P2EP6::300727,JU7P2EP6,300727,decision_tree,已分配,ST09,4170,0,FALSE,,规则决策树→真实行车距离/作业均衡→硬约束终检→本次转运后钢包释放,input_complete:pass;ladle_state_repair_argon:pass;grade_age_weight_previous_grade:pass;crane_load_time_safety:pass;yellow_rule_score:warn.grade_not_enforced.missing.ladle_state;crane_distance_and_workload:scored;ladle_reuse:immediate_release
AN1541E5::301494,AN1541E5,301494,decision_tree,已分配,ST07,3520,0,TRUE,,规则决策树→真实行车距离/作业均衡→硬约束终检→本次转运后钢包释放,input_complete:pass;ladle_state_repair_argon:pass;grade_age_weight_previous_grade:pass;crane_load_time_safety:pass;yellow_rule_score:warn.missing.ladle_state;crane_distance_and_workload:scored;ladle_reuse:immediate_release
AP1055E1::300702,AP1055E1,300702,decision_tree,已分配,ST51,2170,0,TRUE,,规则决策树→真实行车距离/作业均衡→硬约束终检→本次转运后钢包释放,input_complete:pass;ladle_state_repair_argon:pass;grade_age_weight_previous_grade:pass;crane_load_time_safety:pass;yellow_rule_score:warn.missing.ladle_state.empty_ladle_weight_not_enforced;crane_distance_and_workload:scored;ladle_reuse:immediate_release
IW9321E7::301503,IW9321E7,301503,decision_tree,已分配,ST08,1520,0,TRUE,,规则决策树→真实行车距离/作业均衡→硬约束终检→本次转运后钢包释放,input_complete:pass;ladle_state_repair_argon:pass;grade_age_weight_previous_grade:pass;crane_load_time_safety:pass;yellow_rule_score:warn.missing.ladle_state;crane_distance_and_workload:scored;ladle_reuse:immediate_release
AQ0640E1::300703,AQ0640E1,300703,decision_tree,已分配,ST07,3520,2.105,TRUE,,规则决策树→真实行车距离/作业均衡→硬约束终检→本次转运后钢包释放,input_complete:pass;ladle_state_repair_argon:pass;grade_age_weight_previous_grade:pass;crane_load_time_safety:pass;yellow_rule_score:warn.missing.ladle_state;crane_distance_and_workload:scored;ladle_reuse:immediate_release
IW9421E5::300704,IW9421E5,300704,decision_tree,已分配,ST36,2500,0,TRUE,,规则决策树→真实行车距离/作业均衡→硬约束终检→本次转运后钢包释放,input_complete:pass;ladle_state_repair_argon:pass;grade_age_weight_previous_grade:pass;crane_load_time_safety:pass;yellow_rule_score:warn.missing.ladle_state;crane_distance_and_workload:scored;ladle_reuse:immediate_release
IW9421E7::301497,IW9421E7,301497,decision_tree,已分配,ST15,2520,0,TRUE,,规则决策树→真实行车距离/作业均衡→硬约束终检→本次转运后钢包释放,input_complete:pass;ladle_state_repair_argon:pass;grade_age_weight_previous_grade:pass;crane_load_time_safety:pass;yellow_rule_score:warn.missing.ladle_state;crane_distance_and_workload:scored;ladle_reuse:immediate_release
AQ0640E1::300706,AQ0640E1,300706,decision_tree,已分配,ST07,3170,2.105,TRUE,,规则决策树→真实行车距离/作业均衡→硬约束终检→本次转运后钢包释放,input_complete:pass;ladle_state_repair_argon:pass;grade_age_weight_previous_grade:pass;crane_load_time_safety:pass;yellow_rule_score:warn.missing.ladle_state;crane_distance_and_workload:scored;ladle_reuse:immediate_release
JU7P2EP6::300701,JU7P2EP6,300701,decision_tree,已分配,ST08,1520,0,FALSE,,规则决策树→真实行车距离/作业均衡→硬约束终检→本次转运后钢包释放,input_complete:pass;ladle_state_repair_argon:pass;grade_age_weight_previous_grade:pass;crane_load_time_safety:pass;yellow_rule_score:warn.grade_not_enforced.missing.ladle_state;crane_distance_and_workload:scored;ladle_reuse:immediate_release
JU7P2EP6::301499,JU7P2EP6,301499,decision_tree,已分配,ST09,4170,0,FALSE,,规则决策树→真实行车距离/作业均衡→硬约束终检→本次转运后钢包释放,input_complete:pass;ladle_state_repair_argon:pass;grade_age_weight_previous_grade:pass;crane_load_time_safety:pass;yellow_rule_score:warn.grade_not_enforced.missing.ladle_state;crane_distance_and_workload:scored;ladle_reuse:immediate_release
JU7P2EP6::301501,JU7P2EP6,301501,decision_tree,已分配,ST15,2520,0,FALSE,,规则决策树→真实行车距离/作业均衡→硬约束终检→本次转运后钢包释放,input_complete:pass;ladle_state_repair_argon:pass;grade_age_weight_previous_grade:pass;crane_load_time_safety:pass;yellow_rule_score:warn.grade_not_enforced.missing.ladle_state;crane_distance_and_workload:scored;ladle_reuse:immediate_release
JU7P2EP6::300707,JU7P2EP6,300707,decision_tree,已分配,ST09,4170,0,FALSE,,规则决策树→真实行车距离/作业均衡→硬约束终检→本次转运后钢包释放,input_complete:pass;ladle_state_repair_argon:pass;grade_age_weight_previous_grade:pass;crane_load_time_safety:pass;yellow_rule_score:warn.grade_not_enforced.missing.ladle_state;crane_distance_and_workload:scored;ladle_reuse:immediate_release
IW9421E5::300708,IW9421E5,300708,decision_tree,已分配,ST51,2170,0,TRUE,,规则决策树→真实行车距离/作业均衡→硬约束终检→本次转运后钢包释放,input_complete:pass;ladle_state_repair_argon:pass;grade_age_weight_previous_grade:pass;crane_load_time_safety:pass;yellow_rule_score:warn.missing.ladle_state.empty_ladle_weight_not_enforced;crane_distance_and_workload:scored;ladle_reuse:immediate_release
AN1541E5::300709,AN1541E5,300709,decision_tree,已分配,ST07,4170,13.942,TRUE,,规则决策树→真实行车距离/作业均衡→硬约束终检→本次转运后钢包释放,input_complete:pass;ladle_state_repair_argon:pass;grade_age_weight_previous_grade:pass;crane_load_time_safety:pass;yellow_rule_score:warn.missing.ladle_state;crane_distance_and_workload:scored;ladle_reuse:immediate_release
AP0961E7::300711,AP0961E7,300711,decision_tree,已分配,ST51,1170,0,TRUE,,规则决策树→真实行车距离/作业均衡→硬约束终检→本次转运后钢包释放,input_complete:pass;ladle_state_repair_argon:pass;grade_age_weight_previous_grade:pass;crane_load_time_safety:pass;yellow_rule_score:warn.missing.ladle_state.empty_ladle_weight_not_enforced;crane_distance_and_workload:scored;ladle_reuse:immediate_release
AN1541E5::300713,AN1541E5,300713,decision_tree,已分配,ST07,3520,0,TRUE,,规则决策树→真实行车距离/作业均衡→硬约束终检→本次转运后钢包释放,input_complete:pass;ladle_state_repair_argon:pass;grade_age_weight_previous_grade:pass;crane_load_time_safety:pass;yellow_rule_score:warn.missing.ladle_state;crane_distance_and_workload:scored;ladle_reuse:immediate_release
JU7P2EP6::300710,JU7P2EP6,300710,decision_tree,已分配,ST36,2500,0,FALSE,,规则决策树→真实行车距离/作业均衡→硬约束终检→本次转运后钢包释放,input_complete:pass;ladle_state_repair_argon:pass;grade_age_weight_previous_grade:pass;crane_load_time_safety:pass;yellow_rule_score:warn.grade_not_enforced.missing.ladle_state;crane_distance_and_workload:scored;ladle_reuse:immediate_release
JU7P2EP6::300714,JU7P2EP6,300714,decision_tree,已分配,ST08,1520,0,FALSE,,规则决策树→真实行车距离/作业均衡→硬约束终检→本次转运后钢包释放,input_complete:pass;ladle_state_repair_argon:pass;grade_age_weight_previous_grade:pass;crane_load_time_safety:pass;yellow_rule_score:warn.grade_not_enforced.missing.ladle_state;crane_distance_and_workload:scored;ladle_reuse:immediate_release
AP0961E7::300715,AP0961E7,300715,decision_tree,已分配,ST15,2520,0,TRUE,,规则决策树→真实行车距离/作业均衡→硬约束终检→本次转运后钢包释放,input_complete:pass;ladle_state_repair_argon:pass;grade_age_weight_previous_grade:pass;crane_load_time_safety:pass;yellow_rule_score:warn.missing.ladle_state;crane_distance_and_workload:scored;ladle_reuse:immediate_release
JU7P2EP6::300718,JU7P2EP6,300718,decision_tree,已分配,ST15,2520,0,FALSE,,规则决策树→真实行车距离/作业均衡→硬约束终检→本次转运后钢包释放,input_complete:pass;ladle_state_repair_argon:pass;grade_age_weight_previous_grade:pass;crane_load_time_safety:pass;yellow_rule_score:warn.grade_not_enforced.missing.ladle_state;crane_distance_and_workload:scored;ladle_reuse:immediate_release
JU6310E7::300734,JU6310E7,300734,decision_tree,已分配,ST15,2520,0,TRUE,,规则决策树→真实行车距离/作业均衡→硬约束终检→本次转运后钢包释放,input_complete:pass;ladle_state_repair_argon:pass;grade_age_weight_previous_grade:pass;crane_load_time_safety:pass;yellow_rule_score:warn.missing.ladle_state;crane_distance_and_workload:scored;ladle_reuse:immediate_release
AP0941D8::300735,AP0941D8,300735,decision_tree,已分配,ST15,2520,0,TRUE,,规则决策树→真实行车距离/作业均衡→硬约束终检→本次转运后钢包释放,input_complete:pass;ladle_state_repair_argon:pass;grade_age_weight_previous_grade:pass;crane_load_time_safety:pass;yellow_rule_score:warn.missing.ladle_state;crane_distance_and_workload:scored;ladle_reuse:immediate_release
DQ0130D2::300736,DQ0130D2,300736,decision_tree,已分配,ST09,3520,0,TRUE,,规则决策树→真实行车距离/作业均衡→硬约束终检→本次转运后钢包释放,input_complete:pass;ladle_state_repair_argon:pass;grade_age_weight_previous_grade:pass;crane_load_time_safety:pass;yellow_rule_score:warn.missing.ladle_state;crane_distance_and_workload:scored;ladle_reuse:immediate_release
JU6310E7::300737,JU6310E7,300737,decision_tree,已分配,ST51,1170,0,TRUE,,规则决策树→真实行车距离/作业均衡→硬约束终检→本次转运后钢包释放,input_complete:pass;ladle_state_repair_argon:pass;grade_age_weight_previous_grade:pass;crane_load_time_safety:pass;yellow_rule_score:warn.missing.ladle_state.empty_ladle_weight_not_enforced;crane_distance_and_workload:scored;ladle_reuse:immediate_release
JU6310E7::300747,JU6310E7,300747,decision_tree,已分配,ST51,2170,0,TRUE,,规则决策树→真实行车距离/作业均衡→硬约束终检→本次转运后钢包释放,input_complete:pass;ladle_state_repair_argon:pass;grade_age_weight_previous_grade:pass;crane_load_time_safety:pass;yellow_rule_score:warn.missing.ladle_state.empty_ladle_weight_not_enforced;crane_distance_and_workload:scored;ladle_reuse:immediate_release
AP0941D8::300739,AP0941D8,300739,decision_tree,已分配,ST09,3170,0,TRUE,,规则决策树→真实行车距离/作业均衡→硬约束终检→本次转运后钢包释放,input_complete:pass;ladle_state_repair_argon:pass;grade_age_weight_previous_grade:pass;crane_load_time_safety:pass;yellow_rule_score:warn.missing.ladle_state;crane_distance_and_workload:scored;ladle_reuse:immediate_release
AP0941D8::300741,AP0941D8,300741,decision_tree,已分配,ST09,4170,0,TRUE,,规则决策树→真实行车距离/作业均衡→硬约束终检→本次转运后钢包释放,input_complete:pass;ladle_state_repair_argon:pass;grade_age_weight_previous_grade:pass;crane_load_time_safety:pass;yellow_rule_score:warn.missing.ladle_state;crane_distance_and_workload:scored;ladle_reuse:immediate_release
AR4221E5::300742,AR4221E5,300742,decision_tree,已分配,ST09,3520,0,TRUE,,规则决策树→真实行车距离/作业均衡→硬约束终检→本次转运后钢包释放,input_complete:pass;ladle_state_repair_argon:pass;grade_age_weight_previous_grade:pass;crane_load_time_safety:pass;yellow_rule_score:warn.missing.ladle_state;crane_distance_and_workload:scored;ladle_reuse:immediate_release
DP0161D1::300731,DP0161D1,300731,decision_tree,已分配,ST51,1170,0,TRUE,,规则决策树→真实行车距离/作业均衡→硬约束终检→本次转运后钢包释放,input_complete:pass;ladle_state_repair_argon:pass;grade_age_weight_previous_grade:pass;crane_load_time_safety:pass;yellow_rule_score:warn.missing.ladle_state.empty_ladle_weight_not_enforced;crane_distance_and_workload:scored;ladle_reuse:immediate_release
AR4221E5::300765,AR4221E5,300765,decision_tree,已分配,ST09,4170,0,TRUE,,规则决策树→真实行车距离/作业均衡→硬约束终检→本次转运后钢包释放,input_complete:pass;ladle_state_repair_argon:pass;grade_age_weight_previous_grade:pass;crane_load_time_safety:pass;yellow_rule_score:warn.missing.ladle_state;crane_distance_and_workload:scored;ladle_reuse:immediate_release
JU7P2EP6::301505,JU7P2EP6,301505,decision_tree,已分配,ST08,1520,0,FALSE,,规则决策树→真实行车距离/作业均衡→硬约束终检→本次转运后钢包释放,input_complete:pass;ladle_state_repair_argon:pass;grade_age_weight_previous_grade:pass;crane_load_time_safety:pass;yellow_rule_score:warn.grade_not_enforced.missing.ladle_state;crane_distance_and_workload:scored;ladle_reuse:immediate_release
AR4221E5::300750,AR4221E5,300750,decision_tree,已分配,ST09,3520,0,TRUE,,规则决策树→真实行车距离/作业均衡→硬约束终检→本次转运后钢包释放,input_complete:pass;ladle_state_repair_argon:pass;grade_age_weight_previous_grade:pass;crane_load_time_safety:pass;yellow_rule_score:warn.missing.ladle_state;crane_distance_and_workload:scored;ladle_reuse:immediate_release
AP0961E7::301506,AP0961E7,301506,decision_tree,已分配,ST36,2500,0,TRUE,,规则决策树→真实行车距离/作业均衡→硬约束终检→本次转运后钢包释放,input_complete:pass;ladle_state_repair_argon:pass;grade_age_weight_previous_grade:pass;crane_load_time_safety:pass;yellow_rule_score:warn.missing.ladle_state;crane_distance_and_workload:scored;ladle_reuse:immediate_release
DT0143D8::300767,DT0143D8,300767,decision_tree,已分配,ST15,2520,0,TRUE,,规则决策树→真实行车距离/作业均衡→硬约束终检→本次转运后钢包释放,input_complete:pass;ladle_state_repair_argon:pass;grade_age_weight_previous_grade:pass;crane_load_time_safety:pass;yellow_rule_score:warn.missing.ladle_state;crane_distance_and_workload:scored;ladle_reuse:immediate_release
AR4221E5::300754,AR4221E5,300754,decision_tree,已分配,ST51,1170,0,TRUE,,规则决策树→真实行车距离/作业均衡→硬约束终检→本次转运后钢包释放,input_complete:pass;ladle_state_repair_argon:pass;grade_age_weight_previous_grade:pass;crane_load_time_safety:pass;yellow_rule_score:warn.missing.ladle_state.empty_ladle_weight_not_enforced;crane_distance_and_workload:scored;ladle_reuse:immediate_release
DQ0130D2::300748,DQ0130D2,300748,decision_tree,已分配,ST09,4170,0,TRUE,,规则决策树→真实行车距离/作业均衡→硬约束终检→本次转运后钢包释放,input_complete:pass;ladle_state_repair_argon:pass;grade_age_weight_previous_grade:pass;crane_load_time_safety:pass;yellow_rule_score:warn.missing.ladle_state;crane_distance_and_workload:scored;ladle_reuse:immediate_release
AP0961E7::300749,AP0961E7,300749,decision_tree,已分配,ST08,1520,0,TRUE,,规则决策树→真实行车距离/作业均衡→硬约束终检→本次转运后钢包释放,input_complete:pass;ladle_state_repair_argon:pass;grade_age_weight_previous_grade:pass;crane_load_time_safety:pass;yellow_rule_score:warn.missing.ladle_state;crane_distance_and_workload:scored;ladle_reuse:immediate_release
JU6310E7::300751,JU6310E7,300751,decision_tree,已分配,ST09,3520,0,TRUE,,规则决策树→真实行车距离/作业均衡→硬约束终检→本次转运后钢包释放,input_complete:pass;ladle_state_repair_argon:pass;grade_age_weight_previous_grade:pass;crane_load_time_safety:pass;yellow_rule_score:warn.missing.ladle_state;crane_distance_and_workload:scored;ladle_reuse:immediate_release
AQ1060H5::300752,AQ1060H5,300752,decision_tree,已分配,ST07,3170,0,TRUE,,规则决策树→真实行车距离/作业均衡→硬约束终检→本次转运后钢包释放,input_complete:pass;ladle_state_repair_argon:pass;grade_age_weight_previous_grade:pass;crane_load_time_safety:pass;yellow_rule_score:warn.missing.ladle_state;crane_distance_and_workload:scored;ladle_reuse:immediate_release
DQ0130D2::300753,DQ0130D2,300753,decision_tree,已分配,ST36,2500,0,TRUE,,规则决策树→真实行车距离/作业均衡→硬约束终检→本次转运后钢包释放,input_complete:pass;ladle_state_repair_argon:pass;grade_age_weight_previous_grade:pass;crane_load_time_safety:pass;yellow_rule_score:warn.missing.ladle_state;crane_distance_and_workload:scored;ladle_reuse:immediate_release
JU6310E7::300755,JU6310E7,300755,decision_tree,已分配,ST36,2500,0,TRUE,,规则决策树→真实行车距离/作业均衡→硬约束终检→本次转运后钢包释放,input_complete:pass;ladle_state_repair_argon:pass;grade_age_weight_previous_grade:pass;crane_load_time_safety:pass;yellow_rule_score:warn.missing.ladle_state;crane_distance_and_workload:scored;ladle_reuse:immediate_release
AP0961E3::300756,AP0961E3,300756,decision_tree,已分配,ST08,1520,0,TRUE,,规则决策树→真实行车距离/作业均衡→硬约束终检→本次转运后钢包释放,input_complete:pass;ladle_state_repair_argon:pass;grade_age_weight_previous_grade:pass;crane_load_time_safety:pass;yellow_rule_score:warn.missing.ladle_state;crane_distance_and_workload:scored;ladle_reuse:immediate_release
AR4221E5::300757,AR4221E5,300757,decision_tree,已分配,ST09,4170,0,TRUE,,规则决策树→真实行车距离/作业均衡→硬约束终检→本次转运后钢包释放,input_complete:pass;ladle_state_repair_argon:pass;grade_age_weight_previous_grade:pass;crane_load_time_safety:pass;yellow_rule_score:warn.missing.ladle_state;crane_distance_and_workload:scored;ladle_reuse:immediate_release
DQ0130D2::300740,DQ0130D2,300740,decision_tree,已分配,ST08,1520,0,TRUE,,规则决策树→真实行车距离/作业均衡→硬约束终检→本次转运后钢包释放,input_complete:pass;ladle_state_repair_argon:pass;grade_age_weight_previous_grade:pass;crane_load_time_safety:pass;yellow_rule_score:warn.missing.ladle_state;crane_distance_and_workload:scored;ladle_reuse:immediate_release
JU6310E7::300758,JU6310E7,300758,decision_tree,已分配,ST08,1520,0,TRUE,,规则决策树→真实行车距离/作业均衡→硬约束终检→本次转运后钢包释放,input_complete:pass;ladle_state_repair_argon:pass;grade_age_weight_previous_grade:pass;crane_load_time_safety:pass;yellow_rule_score:warn.missing.ladle_state;crane_distance_and_workload:scored;ladle_reuse:immediate_release
AP0961E3::300768,AP0961E3,300768,decision_tree,已分配,ST09,3520,0,TRUE,,规则决策树→真实行车距离/作业均衡→硬约束终检→本次转运后钢包释放,input_complete:pass;ladle_state_repair_argon:pass;grade_age_weight_previous_grade:pass;crane_load_time_safety:pass;yellow_rule_score:warn.missing.ladle_state;crane_distance_and_workload:scored;ladle_reuse:immediate_release
AP0941D8::300745,AP0941D8,300745,decision_tree,已分配,ST36,2500,0,TRUE,,规则决策树→真实行车距离/作业均衡→硬约束终检→本次转运后钢包释放,input_complete:pass;ladle_state_repair_argon:pass;grade_age_weight_previous_grade:pass;crane_load_time_safety:pass;yellow_rule_score:warn.missing.ladle_state;crane_distance_and_workload:scored;ladle_reuse:immediate_release
DQ0130D2::300744,DQ0130D2,300744,decision_tree,已分配,ST09,3170,0,TRUE,,规则决策树→真实行车距离/作业均衡→硬约束终检→本次转运后钢包释放,input_complete:pass;ladle_state_repair_argon:pass;grade_age_weight_previous_grade:pass;crane_load_time_safety:pass;yellow_rule_score:warn.missing.ladle_state;crane_distance_and_workload:scored;ladle_reuse:immediate_release
AR4221E5::300746,AR4221E5,300746,decision_tree,已分配,ST51,2170,0,TRUE,,规则决策树→真实行车距离/作业均衡→硬约束终检→本次转运后钢包释放,input_complete:pass;ladle_state_repair_argon:pass;grade_age_weight_previous_grade:pass;crane_load_time_safety:pass;yellow_rule_score:warn.missing.ladle_state.empty_ladle_weight_not_enforced;crane_distance_and_workload:scored;ladle_reuse:immediate_release
DT0142D1::300759,DT0142D1,300759,decision_tree,已分配,ST15,2520,0,TRUE,,规则决策树→真实行车距离/作业均衡→硬约束终检→本次转运后钢包释放,input_complete:pass;ladle_state_repair_argon:pass;grade_age_weight_previous_grade:pass;crane_load_time_safety:pass;yellow_rule_score:warn.missing.ladle_state;crane_distance_and_workload:scored;ladle_reuse:immediate_release
AR4221E5::300738,AR4221E5,300738,decision_tree,已分配,ST51,2170,0,TRUE,,规则决策树→真实行车距离/作业均衡→硬约束终检→本次转运后钢包释放,input_complete:pass;ladle_state_repair_argon:pass;grade_age_weight_previous_grade:pass;crane_load_time_safety:pass;yellow_rule_score:warn.missing.ladle_state.empty_ladle_weight_not_enforced;crane_distance_and_workload:scored;ladle_reuse:immediate_release
JU6310E7::300743,JU6310E7,300743,decision_tree,已分配,ST15,2520,0,TRUE,,规则决策树→真实行车距离/作业均衡→硬约束终检→本次转运后钢包释放,input_complete:pass;ladle_state_repair_argon:pass;grade_age_weight_previous_grade:pass;crane_load_time_safety:pass;yellow_rule_score:warn.missing.ladle_state;crane_distance_and_workload:scored;ladle_reuse:immediate_release
JU6310E7::300762,JU6310E7,300762,decision_tree,已分配,ST09,3170,0,TRUE,,规则决策树→真实行车距离/作业均衡→硬约束终检→本次转运后钢包释放,input_complete:pass;ladle_state_repair_argon:pass;grade_age_weight_previous_grade:pass;crane_load_time_safety:pass;yellow_rule_score:warn.missing.ladle_state;crane_distance_and_workload:scored;ladle_reuse:immediate_release
AP0961E3::300764,AP0961E3,300764,decision_tree,已分配,ST51,2170,0,TRUE,,规则决策树→真实行车距离/作业均衡→硬约束终检→本次转运后钢包释放,input_complete:pass;ladle_state_repair_argon:pass;grade_age_weight_previous_grade:pass;crane_load_time_safety:pass;yellow_rule_score:warn.missing.ladle_state.empty_ladle_weight_not_enforced;crane_distance_and_workload:scored;ladle_reuse:immediate_release
AN1541E8::300733,AN1541E8,300733,decision_tree,已分配,ST08,1520,0,TRUE,,规则决策树→真实行车距离/作业均衡→硬约束终检→本次转运后钢包释放,input_complete:pass;ladle_state_repair_argon:pass;grade_age_weight_previous_grade:pass;crane_load_time_safety:pass;yellow_rule_score:warn.missing.ladle_state;crane_distance_and_workload:scored;ladle_reuse:immediate_release
IU4820D1::300784,IU4820D1,300784,decision_tree,已分配,ST51,1170,0,TRUE,,规则决策树→真实行车距离/作业均衡→硬约束终检→本次转运后钢包释放,input_complete:pass;ladle_state_repair_argon:pass;grade_age_weight_previous_grade:pass;crane_load_time_safety:pass;yellow_rule_score:warn.missing.ladle_state.empty_ladle_weight_not_enforced;crane_distance_and_workload:scored;ladle_reuse:immediate_release
AP0961E3::300787,AP0961E3,300787,decision_tree,已分配,ST08,1520,0,TRUE,,规则决策树→真实行车距离/作业均衡→硬约束终检→本次转运后钢包释放,input_complete:pass;ladle_state_repair_argon:pass;grade_age_weight_previous_grade:pass;crane_load_time_safety:pass;yellow_rule_score:warn.missing.ladle_state;crane_distance_and_workload:scored;ladle_reuse:immediate_release
AR4143E5::300788,AR4143E5,300788,decision_tree,已分配,ST02,3170,0,TRUE,,规则决策树→真实行车距离/作业均衡→硬约束终检→本次转运后钢包释放,input_complete:pass;ladle_state_repair_argon:pass;grade_age_weight_previous_grade:pass;crane_load_time_safety:pass;yellow_rule_score:warn.missing.ladle_state;crane_distance_and_workload:scored;ladle_reuse:immediate_release
IU4820D1::300789,IU4820D1,300789,decision_tree,已分配,ST51,2170,0,TRUE,,规则决策树→真实行车距离/作业均衡→硬约束终检→本次转运后钢包释放,input_complete:pass;ladle_state_repair_argon:pass;grade_age_weight_previous_grade:pass;crane_load_time_safety:pass;yellow_rule_score:warn.missing.ladle_state.empty_ladle_weight_not_enforced;crane_distance_and_workload:scored;ladle_reuse:immediate_release
AR4145E5::300790,AR4145E5,300790,decision_tree,已分配,ST07,4170,0,TRUE,,规则决策树→真实行车距离/作业均衡→硬约束终检→本次转运后钢包释放,input_complete:pass;ladle_state_repair_argon:pass;grade_age_weight_previous_grade:pass;crane_load_time_safety:pass;yellow_rule_score:warn.missing.ladle_state;crane_distance_and_workload:scored;ladle_reuse:immediate_release
IL5G74P1::300791,IL5G74P1,300791,decision_tree,已分配,ST15,2520,0,FALSE,,规则决策树→真实行车距离/作业均衡→硬约束终检→本次转运后钢包释放,input_complete:pass;ladle_state_repair_argon:pass;grade_age_weight_previous_grade:pass;crane_load_time_safety:pass;yellow_rule_score:warn.grade_not_enforced.missing.ladle_state;crane_distance_and_workload:scored;ladle_reuse:immediate_release
AR4145E5::300792,AR4145E5,300792,decision_tree,已分配,ST07,3520,0,TRUE,,规则决策树→真实行车距离/作业均衡→硬约束终检→本次转运后钢包释放,input_complete:pass;ladle_state_repair_argon:pass;grade_age_weight_previous_grade:pass;crane_load_time_safety:pass;yellow_rule_score:warn.missing.ladle_state;crane_distance_and_workload:scored;ladle_reuse:immediate_release
AR4143E5::300781,AR4143E5,300781,decision_tree,已分配,ST51,2170,0,TRUE,,规则决策树→真实行车距离/作业均衡→硬约束终检→本次转运后钢包释放,input_complete:pass;ladle_state_repair_argon:pass;grade_age_weight_previous_grade:pass;crane_load_time_safety:pass;yellow_rule_score:warn.missing.ladle_state.empty_ladle_weight_not_enforced;crane_distance_and_workload:scored;ladle_reuse:immediate_release
IW9421E8::301507,IW9421E8,301507,decision_tree,已分配,ST51,1170,0,TRUE,,规则决策树→真实行车距离/作业均衡→硬约束终检→本次转运后钢包释放,input_complete:pass;ladle_state_repair_argon:pass;grade_age_weight_previous_grade:pass;crane_load_time_safety:pass;yellow_rule_score:warn.missing.ladle_state.empty_ladle_weight_not_enforced;crane_distance_and_workload:scored;ladle_reuse:immediate_release
AP0961E7::301508,AP0961E7,301508,decision_tree,已分配,ST51,2170,0,TRUE,,规则决策树→真实行车距离/作业均衡→硬约束终检→本次转运后钢包释放,input_complete:pass;ladle_state_repair_argon:pass;grade_age_weight_previous_grade:pass;crane_load_time_safety:pass;yellow_rule_score:warn.missing.ladle_state.empty_ladle_weight_not_enforced;crane_distance_and_workload:scored;ladle_reuse:immediate_release
DQ0198D2::301509,DQ0198D2,301509,decision_tree,已分配,ST09,3170,0,TRUE,,规则决策树→真实行车距离/作业均衡→硬约束终检→本次转运后钢包释放,input_complete:pass;ladle_state_repair_argon:pass;grade_age_weight_previous_grade:pass;crane_load_time_safety:pass;yellow_rule_score:warn.missing.ladle_state;crane_distance_and_workload:scored;ladle_reuse:immediate_release
IU4880D1::300793,IU4880D1,300793,decision_tree,已分配,ST51,1170,0,TRUE,,规则决策树→真实行车距离/作业均衡→硬约束终检→本次转运后钢包释放,input_complete:pass;ladle_state_repair_argon:pass;grade_age_weight_previous_grade:pass;crane_load_time_safety:pass;yellow_rule_score:warn.missing.ladle_state.empty_ladle_weight_not_enforced;crane_distance_and_workload:scored;ladle_reuse:immediate_release
AP0961E3::300780,AP0961E3,300780,decision_tree,已分配,ST51,1170,0,TRUE,,规则决策树→真实行车距离/作业均衡→硬约束终检→本次转运后钢包释放,input_complete:pass;ladle_state_repair_argon:pass;grade_age_weight_previous_grade:pass;crane_load_time_safety:pass;yellow_rule_score:warn.missing.ladle_state.empty_ladle_weight_not_enforced;crane_distance_and_workload:scored;ladle_reuse:immediate_release
IL5G74P1::300794,IL5G74P1,300794,decision_tree,已分配,ST36,2500,0,FALSE,,规则决策树→真实行车距离/作业均衡→硬约束终检→本次转运后钢包释放,input_complete:pass;ladle_state_repair_argon:pass;grade_age_weight_previous_grade:pass;crane_load_time_safety:pass;yellow_rule_score:warn.grade_not_enforced.missing.ladle_state;crane_distance_and_workload:scored;ladle_reuse:immediate_release
AR4145E5::300795,AR4145E5,300795,decision_tree,已分配,ST07,3520,0,TRUE,,规则决策树→真实行车距离/作业均衡→硬约束终检→本次转运后钢包释放,input_complete:pass;ladle_state_repair_argon:pass;grade_age_weight_previous_grade:pass;crane_load_time_safety:pass;yellow_rule_score:warn.missing.ladle_state;crane_distance_and_workload:scored;ladle_reuse:immediate_release
JU6310E6::300786,JU6310E6,300786,decision_tree,已分配,ST07,3170,0,TRUE,,规则决策树→真实行车距离/作业均衡→硬约束终检→本次转运后钢包释放,input_complete:pass;ladle_state_repair_argon:pass;grade_age_weight_previous_grade:pass;crane_load_time_safety:pass;yellow_rule_score:warn.missing.ladle_state;crane_distance_and_workload:scored;ladle_reuse:immediate_release
AP0961E7::301510,AP0961E7,301510,decision_tree,已分配,ST36,2500,0,TRUE,,规则决策树→真实行车距离/作业均衡→硬约束终检→本次转运后钢包释放,input_complete:pass;ladle_state_repair_argon:pass;grade_age_weight_previous_grade:pass;crane_load_time_safety:pass;yellow_rule_score:warn.missing.ladle_state;crane_distance_and_workload:scored;ladle_reuse:immediate_release
AR4221E5::300769,AR4221E5,300769,decision_tree,已分配,ST51,2170,0,TRUE,,规则决策树→真实行车距离/作业均衡→硬约束终检→本次转运后钢包释放,input_complete:pass;ladle_state_repair_argon:pass;grade_age_weight_previous_grade:pass;crane_load_time_safety:pass;yellow_rule_score:warn.missing.ladle_state.empty_ladle_weight_not_enforced;crane_distance_and_workload:scored;ladle_reuse:immediate_release
AR4221E5::300761,AR4221E5,300761,decision_tree,已分配,ST09,3170,0,TRUE,,规则决策树→真实行车距离/作业均衡→硬约束终检→本次转运后钢包释放,input_complete:pass;ladle_state_repair_argon:pass;grade_age_weight_previous_grade:pass;crane_load_time_safety:pass;yellow_rule_score:warn.missing.ladle_state;crane_distance_and_workload:scored;ladle_reuse:immediate_release
DT0143D2::300763,DT0143D2,300763,decision_tree,已分配,ST51,1170,0,TRUE,,规则决策树→真实行车距离/作业均衡→硬约束终检→本次转运后钢包释放,input_complete:pass;ladle_state_repair_argon:pass;grade_age_weight_previous_grade:pass;crane_load_time_safety:pass;yellow_rule_score:warn.missing.ladle_state.empty_ladle_weight_not_enforced;crane_distance_and_workload:scored;ladle_reuse:immediate_release
JU6310E7::300770,JU6310E7,300770,decision_tree,已分配,ST09,3520,0,TRUE,,规则决策树→真实行车距离/作业均衡→硬约束终检→本次转运后钢包释放,input_complete:pass;ladle_state_repair_argon:pass;grade_age_weight_previous_grade:pass;crane_load_time_safety:pass;yellow_rule_score:warn.missing.ladle_state;crane_distance_and_workload:scored;ladle_reuse:immediate_release
AP0961E3::300771,AP0961E3,300771,decision_tree,已分配,ST36,2500,0,TRUE,,规则决策树→真实行车距离/作业均衡→硬约束终检→本次转运后钢包释放,input_complete:pass;ladle_state_repair_argon:pass;grade_age_weight_previous_grade:pass;crane_load_time_safety:pass;yellow_rule_score:warn.missing.ladle_state;crane_distance_and_workload:scored;ladle_reuse:immediate_release
DT0145D1::300772,DT0145D1,300772,decision_tree,已分配,ST51,1170,0,TRUE,,规则决策树→真实行车距离/作业均衡→硬约束终检→本次转运后钢包释放,input_complete:pass;ladle_state_repair_argon:pass;grade_age_weight_previous_grade:pass;crane_load_time_safety:pass;yellow_rule_score:warn.missing.ladle_state.empty_ladle_weight_not_enforced;crane_distance_and_workload:scored;ladle_reuse:immediate_release
AR4143E5::300773,AR4143E5,300773,decision_tree,已分配,ST02,4170,0,TRUE,,规则决策树→真实行车距离/作业均衡→硬约束终检→本次转运后钢包释放,input_complete:pass;ladle_state_repair_argon:pass;grade_age_weight_previous_grade:pass;crane_load_time_safety:pass;yellow_rule_score:warn.missing.ladle_state;crane_distance_and_workload:scored;ladle_reuse:immediate_release
AP0961E3::300774,AP0961E3,300774,decision_tree,已分配,ST08,1520,0,TRUE,,规则决策树→真实行车距离/作业均衡→硬约束终检→本次转运后钢包释放,input_complete:pass;ladle_state_repair_argon:pass;grade_age_weight_previous_grade:pass;crane_load_time_safety:pass;yellow_rule_score:warn.missing.ladle_state;crane_distance_and_workload:scored;ladle_reuse:immediate_release
JU6310E7::300775,JU6310E7,300775,decision_tree,已分配,ST15,2520,0,TRUE,,规则决策树→真实行车距离/作业均衡→硬约束终检→本次转运后钢包释放,input_complete:pass;ladle_state_repair_argon:pass;grade_age_weight_previous_grade:pass;crane_load_time_safety:pass;yellow_rule_score:warn.missing.ladle_state;crane_distance_and_workload:scored;ladle_reuse:immediate_release
AP0961E3::300777,AP0961E3,300777,decision_tree,已分配,ST51,2170,0,TRUE,,规则决策树→真实行车距离/作业均衡→硬约束终检→本次转运后钢包释放,input_complete:pass;ladle_state_repair_argon:pass;grade_age_weight_previous_grade:pass;crane_load_time_safety:pass;yellow_rule_score:warn.missing.ladle_state.empty_ladle_weight_not_enforced;crane_distance_and_workload:scored;ladle_reuse:immediate_release
JU6310E6::300778,JU6310E6,300778,decision_tree,已分配,ST07,3520,0,TRUE,,规则决策树→真实行车距离/作业均衡→硬约束终检→本次转运后钢包释放,input_complete:pass;ladle_state_repair_argon:pass;grade_age_weight_previous_grade:pass;crane_load_time_safety:pass;yellow_rule_score:warn.missing.ladle_state;crane_distance_and_workload:scored;ladle_reuse:immediate_release
DT0145D1::300779,DT0145D1,300779,decision_tree,已分配,ST09,3170,0,TRUE,,规则决策树→真实行车距离/作业均衡→硬约束终检→本次转运后钢包释放,input_complete:pass;ladle_state_repair_argon:pass;grade_age_weight_previous_grade:pass;crane_load_time_safety:pass;yellow_rule_score:warn.missing.ladle_state;crane_distance_and_workload:scored;ladle_reuse:immediate_release
JU6310E6::300782,JU6310E6,300782,decision_tree,已分配,ST07,3520,0,TRUE,,规则决策树→真实行车距离/作业均衡→硬约束终检→本次转运后钢包释放,input_complete:pass;ladle_state_repair_argon:pass;grade_age_weight_previous_grade:pass;crane_load_time_safety:pass;yellow_rule_score:warn.missing.ladle_state;crane_distance_and_workload:scored;ladle_reuse:immediate_release
AP0961E3::300783,AP0961E3,300783,decision_tree,已分配,ST36,2500,0,TRUE,,规则决策树→真实行车距离/作业均衡→硬约束终检→本次转运后钢包释放,input_complete:pass;ladle_state_repair_argon:pass;grade_age_weight_previous_grade:pass;crane_load_time_safety:pass;yellow_rule_score:warn.missing.ladle_state;crane_distance_and_workload:scored;ladle_reuse:immediate_release
AR4143E5::300785,AR4143E5,300785,decision_tree,已分配,ST02,4170,0,TRUE,,规则决策树→真实行车距离/作业均衡→硬约束终检→本次转运后钢包释放,input_complete:pass;ladle_state_repair_argon:pass;grade_age_weight_previous_grade:pass;crane_load_time_safety:pass;yellow_rule_score:warn.missing.ladle_state;crane_distance_and_workload:scored;ladle_reuse:immediate_release
AR4160C1::300811,AR4160C1,300811,decision_tree,已分配,ST07,3520,0,TRUE,,规则决策树→真实行车距离/作业均衡→硬约束终检→本次转运后钢包释放,input_complete:pass;ladle_state_repair_argon:pass;grade_age_weight_previous_grade:pass;crane_load_time_safety:pass;yellow_rule_score:warn.missing.ladle_state;crane_distance_and_workload:scored;ladle_reuse:immediate_release
IL5G72P1::300812,IL5G72P1,300812,decision_tree,已分配,ST15,2520,0,FALSE,,规则决策树→真实行车距离/作业均衡→硬约束终检→本次转运后钢包释放,input_complete:pass;ladle_state_repair_argon:pass;grade_age_weight_previous_grade:pass;crane_load_time_safety:pass;yellow_rule_score:warn.grade_not_enforced.missing.ladle_state;crane_distance_and_workload:scored;ladle_reuse:immediate_release
AP1055E8::300813,AP1055E8,300813,decision_tree,已分配,ST36,2500,0,TRUE,,规则决策树→真实行车距离/作业均衡→硬约束终检→本次转运后钢包释放,input_complete:pass;ladle_state_repair_argon:pass;grade_age_weight_previous_grade:pass;crane_load_time_safety:pass;yellow_rule_score:warn.missing.ladle_state;crane_distance_and_workload:scored;ladle_reuse:immediate_release
DT0128D9::300814,DT0128D9,300814,decision_tree,已分配,ST51,1170,0,TRUE,,规则决策树→真实行车距离/作业均衡→硬约束终检→本次转运后钢包释放,input_complete:pass;ladle_state_repair_argon:pass;grade_age_weight_previous_grade:pass;crane_load_time_safety:pass;yellow_rule_score:warn.missing.ladle_state.empty_ladle_weight_not_enforced;crane_distance_and_workload:scored;ladle_reuse:immediate_release
IL5G72P1::300815,IL5G72P1,300815,decision_tree,已分配,ST08,1520,0,FALSE,,规则决策树→真实行车距离/作业均衡→硬约束终检→本次转运后钢包释放,input_complete:pass;ladle_state_repair_argon:pass;grade_age_weight_previous_grade:pass;crane_load_time_safety:pass;yellow_rule_score:warn.grade_not_enforced.missing.ladle_state;crane_distance_and_workload:scored;ladle_reuse:immediate_release
AP1055E5::300816,AP1055E5,300816,decision_tree,已分配,ST15,2520,0,TRUE,,规则决策树→真实行车距离/作业均衡→硬约束终检→本次转运后钢包释放,input_complete:pass;ladle_state_repair_argon:pass;grade_age_weight_previous_grade:pass;crane_load_time_safety:pass;yellow_rule_score:warn.missing.ladle_state;crane_distance_and_workload:scored;ladle_reuse:immediate_release
AR4160C1::300817,AR4160C1,300817,decision_tree,已分配,ST07,4170,0,TRUE,,规则决策树→真实行车距离/作业均衡→硬约束终检→本次转运后钢包释放,input_complete:pass;ladle_state_repair_argon:pass;grade_age_weight_previous_grade:pass;crane_load_time_safety:pass;yellow_rule_score:warn.missing.ladle_state;crane_distance_and_workload:scored;ladle_reuse:immediate_release
AR4131E2::300829,AR4131E2,300829,decision_tree,已分配,ST51,2170,0,TRUE,,规则决策树→真实行车距离/作业均衡→硬约束终检→本次转运后钢包释放,input_complete:pass;ladle_state_repair_argon:pass;grade_age_weight_previous_grade:pass;crane_load_time_safety:pass;yellow_rule_score:warn.missing.ladle_state.empty_ladle_weight_not_enforced;crane_distance_and_workload:scored;ladle_reuse:immediate_release
AN1064E5::300830,AN1064E5,300830,decision_tree,已分配,ST07,4170,0,TRUE,,规则决策树→真实行车距离/作业均衡→硬约束终检→本次转运后钢包释放,input_complete:pass;ladle_state_repair_argon:pass;grade_age_weight_previous_grade:pass;crane_load_time_safety:pass;yellow_rule_score:warn.missing.ladle_state;crane_distance_and_workload:scored;ladle_reuse:immediate_release
DT0145D1::300831,DT0145D1,300831,decision_tree,已分配,ST36,2500,0,TRUE,,规则决策树→真实行车距离/作业均衡→硬约束终检→本次转运后钢包释放,input_complete:pass;ladle_state_repair_argon:pass;grade_age_weight_previous_grade:pass;crane_load_time_safety:pass;yellow_rule_score:warn.missing.ladle_state;crane_distance_and_workload:scored;ladle_reuse:immediate_release
JU7P2EP6::300832,JU7P2EP6,300832,decision_tree,已分配,ST15,2520,0,FALSE,,规则决策树→真实行车距离/作业均衡→硬约束终检→本次转运后钢包释放,input_complete:pass;ladle_state_repair_argon:pass;grade_age_weight_previous_grade:pass;crane_load_time_safety:pass;yellow_rule_score:warn.grade_not_enforced.missing.ladle_state;crane_distance_and_workload:scored;ladle_reuse:immediate_release
IU4880D1::300798,IU4880D1,300798,decision_tree,已分配,ST51,1170,0,TRUE,,规则决策树→真实行车距离/作业均衡→硬约束终检→本次转运后钢包释放,input_complete:pass;ladle_state_repair_argon:pass;grade_age_weight_previous_grade:pass;crane_load_time_safety:pass;yellow_rule_score:warn.missing.ladle_state.empty_ladle_weight_not_enforced;crane_distance_and_workload:scored;ladle_reuse:immediate_release
DP0163D1::300799,DP0163D1,300799,decision_tree,已分配,ST51,2170,0,TRUE,,规则决策树→真实行车距离/作业均衡→硬约束终检→本次转运后钢包释放,input_complete:pass;ladle_state_repair_argon:pass;grade_age_weight_previous_grade:pass;crane_load_time_safety:pass;yellow_rule_score:warn.missing.ladle_state.empty_ladle_weight_not_enforced;crane_distance_and_workload:scored;ladle_reuse:immediate_release
AR4160C1::300801,AR4160C1,300801,decision_tree,已分配,ST07,4170,0,TRUE,,规则决策树→真实行车距离/作业均衡→硬约束终检→本次转运后钢包释放,input_complete:pass;ladle_state_repair_argon:pass;grade_age_weight_previous_grade:pass;crane_load_time_safety:pass;yellow_rule_score:warn.missing.ladle_state;crane_distance_and_workload:scored;ladle_reuse:immediate_release
IW9321E7::301511,IW9321E7,301511,decision_tree,已分配,ST51,2170,0,TRUE,,规则决策树→真实行车距离/作业均衡→硬约束终检→本次转运后钢包释放,input_complete:pass;ladle_state_repair_argon:pass;grade_age_weight_previous_grade:pass;crane_load_time_safety:pass;yellow_rule_score:warn.missing.ladle_state.empty_ladle_weight_not_enforced;crane_distance_and_workload:scored;ladle_reuse:immediate_release
JU7P2EP6::300819,JU7P2EP6,300819,decision_tree,已分配,ST36,2500,0,FALSE,,规则决策树→真实行车距离/作业均衡→硬约束终检→本次转运后钢包释放,input_complete:pass;ladle_state_repair_argon:pass;grade_age_weight_previous_grade:pass;crane_load_time_safety:pass;yellow_rule_score:warn.grade_not_enforced.missing.ladle_state;crane_distance_and_workload:scored;ladle_reuse:immediate_release
AR4160C1::300820,AR4160C1,300820,decision_tree,已分配,ST07,3170,0,TRUE,,规则决策树→真实行车距离/作业均衡→硬约束终检→本次转运后钢包释放,input_complete:pass;ladle_state_repair_argon:pass;grade_age_weight_previous_grade:pass;crane_load_time_safety:pass;yellow_rule_score:warn.missing.ladle_state;crane_distance_and_workload:scored;ladle_reuse:immediate_release
AR4160C1::300825,AR4160C1,300825,decision_tree,已分配,ST07,3520,0,TRUE,,规则决策树→真实行车距离/作业均衡→硬约束终检→本次转运后钢包释放,input_complete:pass;ladle_state_repair_argon:pass;grade_age_weight_previous_grade:pass;crane_load_time_safety:pass;yellow_rule_score:warn.missing.ladle_state;crane_distance_and_workload:scored;ladle_reuse:immediate_release
DT0145D1::300827,DT0145D1,300827,decision_tree,已分配,ST08,1520,0,TRUE,,规则决策树→真实行车距离/作业均衡→硬约束终检→本次转运后钢包释放,input_complete:pass;ladle_state_repair_argon:pass;grade_age_weight_previous_grade:pass;crane_load_time_safety:pass;yellow_rule_score:warn.missing.ladle_state;crane_distance_and_workload:scored;ladle_reuse:immediate_release
JU7P2EP6::300828,JU7P2EP6,300828,decision_tree,已分配,ST08,1520,0,FALSE,,规则决策树→真实行车距离/作业均衡→硬约束终检→本次转运后钢包释放,input_complete:pass;ladle_state_repair_argon:pass;grade_age_weight_previous_grade:pass;crane_load_time_safety:pass;yellow_rule_score:warn.grade_not_enforced.missing.ladle_state;crane_distance_and_workload:scored;ladle_reuse:immediate_release
DT0128D9::300822,DT0128D9,300822,decision_tree,已分配,ST51,1170,0,TRUE,,规则决策树→真实行车距离/作业均衡→硬约束终检→本次转运后钢包释放,input_complete:pass;ladle_state_repair_argon:pass;grade_age_weight_previous_grade:pass;crane_load_time_safety:pass;yellow_rule_score:warn.missing.ladle_state.empty_ladle_weight_not_enforced;crane_distance_and_workload:scored;ladle_reuse:immediate_release
AN1540E5::300802,AN1540E5,300802,decision_tree,已分配,ST07,4170,0,TRUE,,规则决策树→真实行车距离/作业均衡→硬约束终检→本次转运后钢包释放,input_complete:pass;ladle_state_repair_argon:pass;grade_age_weight_previous_grade:pass;crane_load_time_safety:pass;yellow_rule_score:warn.missing.ladle_state;crane_distance_and_workload:scored;ladle_reuse:immediate_release
IL5G72P1::300804,IL5G72P1,300804,decision_tree,已分配,ST08,1520,0,FALSE,,规则决策树→真实行车距离/作业均衡→硬约束终检→本次转运后钢包释放,input_complete:pass;ladle_state_repair_argon:pass;grade_age_weight_previous_grade:pass;crane_load_time_safety:pass;yellow_rule_score:warn.grade_not_enforced.missing.ladle_state;crane_distance_and_workload:scored;ladle_reuse:immediate_release
IU4880D1::300803,IU4880D1,300803,decision_tree,已分配,ST02,3170,0,TRUE,,规则决策树→真实行车距离/作业均衡→硬约束终检→本次转运后钢包释放,input_complete:pass;ladle_state_repair_argon:pass;grade_age_weight_previous_grade:pass;crane_load_time_safety:pass;yellow_rule_score:warn.missing.ladle_state;crane_distance_and_workload:scored;ladle_reuse:immediate_release
AP1055E1::300805,AP1055E1,300805,decision_tree,已分配,ST15,2520,0,TRUE,,规则决策树→真实行车距离/作业均衡→硬约束终检→本次转运后钢包释放,input_complete:pass;ladle_state_repair_argon:pass;grade_age_weight_previous_grade:pass;crane_load_time_safety:pass;yellow_rule_score:warn.missing.ladle_state;crane_distance_and_workload:scored;ladle_reuse:immediate_release
IL5G72P1::300806,IL5G72P1,300806,decision_tree,已分配,ST08,1520,0,FALSE,,规则决策树→真实行车距离/作业均衡→硬约束终检→本次转运后钢包释放,input_complete:pass;ladle_state_repair_argon:pass;grade_age_weight_previous_grade:pass;crane_load_time_safety:pass;yellow_rule_score:warn.grade_not_enforced.missing.ladle_state;crane_distance_and_workload:scored;ladle_reuse:immediate_release
IV4956D1::300807,IV4956D1,300807,decision_tree,已分配,ST51,2170,0,TRUE,,规则决策树→真实行车距离/作业均衡→硬约束终检→本次转运后钢包释放,input_complete:pass;ladle_state_repair_argon:pass;grade_age_weight_previous_grade:pass;crane_load_time_safety:pass;yellow_rule_score:warn.missing.ladle_state.empty_ladle_weight_not_enforced;crane_distance_and_workload:scored;ladle_reuse:immediate_release
IL5G72P1::300808,IL5G72P1,300808,decision_tree,已分配,ST36,2500,0,FALSE,,规则决策树→真实行车距离/作业均衡→硬约束终检→本次转运后钢包释放,input_complete:pass;ladle_state_repair_argon:pass;grade_age_weight_previous_grade:pass;crane_load_time_safety:pass;yellow_rule_score:warn.grade_not_enforced.missing.ladle_state;crane_distance_and_workload:scored;ladle_reuse:immediate_release
DT0144D1::300809,DT0144D1,300809,decision_tree,已分配,ST08,1520,0,TRUE,,规则决策树→真实行车距离/作业均衡→硬约束终检→本次转运后钢包释放,input_complete:pass;ladle_state_repair_argon:pass;grade_age_weight_previous_grade:pass;crane_load_time_safety:pass;yellow_rule_score:warn.missing.ladle_state;crane_distance_and_workload:scored;ladle_reuse:immediate_release
AQ0640E1::300810,AQ0640E1,300810,decision_tree,已分配,ST07,3170,0,TRUE,,规则决策树→真实行车距离/作业均衡→硬约束终检→本次转运后钢包释放,input_complete:pass;ladle_state_repair_argon:pass;grade_age_weight_previous_grade:pass;crane_load_time_safety:pass;yellow_rule_score:warn.missing.ladle_state;crane_distance_and_workload:scored;ladle_reuse:immediate_release
DT0128D9::300818,DT0128D9,300818,decision_tree,已分配,ST51,2170,0,TRUE,,规则决策树→真实行车距离/作业均衡→硬约束终检→本次转运后钢包释放,input_complete:pass;ladle_state_repair_argon:pass;grade_age_weight_previous_grade:pass;crane_load_time_safety:pass;yellow_rule_score:warn.missing.ladle_state.empty_ladle_weight_not_enforced;crane_distance_and_workload:scored;ladle_reuse:immediate_release
JU7P2EP6::300823,JU7P2EP6,300823,decision_tree,已分配,ST15,2520,0,FALSE,,规则决策树→真实行车距离/作业均衡→硬约束终检→本次转运后钢包释放,input_complete:pass;ladle_state_repair_argon:pass;grade_age_weight_previous_grade:pass;crane_load_time_safety:pass;yellow_rule_score:warn.grade_not_enforced.missing.ladle_state;crane_distance_and_workload:scored;ladle_reuse:immediate_release
AR4220E5::300833,AR4220E5,300833,decision_tree,已分配,ST07,3170,0,TRUE,,规则决策树→真实行车距离/作业均衡→硬约束终检→本次转运后钢包释放,input_complete:pass;ladle_state_repair_argon:pass;grade_age_weight_previous_grade:pass;crane_load_time_safety:pass;yellow_rule_score:warn.missing.ladle_state;crane_distance_and_workload:scored;ladle_reuse:immediate_release
DT0145D1::300835,DT0145D1,300835,decision_tree,已分配,ST51,1170,0,TRUE,,规则决策树→真实行车距离/作业均衡→硬约束终检→本次转运后钢包释放,input_complete:pass;ladle_state_repair_argon:pass;grade_age_weight_previous_grade:pass;crane_load_time_safety:pass;yellow_rule_score:warn.missing.ladle_state.empty_ladle_weight_not_enforced;crane_distance_and_workload:scored;ladle_reuse:immediate_release
AR4220E5::300837,AR4220E5,300837,decision_tree,已分配,ST07,3520,0,TRUE,,规则决策树→真实行车距离/作业均衡→硬约束终检→本次转运后钢包释放,input_complete:pass;ladle_state_repair_argon:pass;grade_age_weight_previous_grade:pass;crane_load_time_safety:pass;yellow_rule_score:warn.missing.ladle_state;crane_distance_and_workload:scored;ladle_reuse:immediate_release
JU7P2EP6::300834,JU7P2EP6,300834,decision_tree,已分配,ST51,1170,0,FALSE,,规则决策树→真实行车距离/作业均衡→硬约束终检→本次转运后钢包释放,input_complete:pass;ladle_state_repair_argon:pass;grade_age_weight_previous_grade:pass;crane_load_time_safety:pass;yellow_rule_score:warn.grade_not_enforced.missing.ladle_state.empty_ladle_weight_not_enforced;crane_distance_and_workload:scored;ladle_reuse:immediate_release
DQ0198D2::301512,DQ0198D2,301512,decision_tree,已分配,ST09,4170,0,TRUE,,规则决策树→真实行车距离/作业均衡→硬约束终检→本次转运后钢包释放,input_complete:pass;ladle_state_repair_argon:pass;grade_age_weight_previous_grade:pass;crane_load_time_safety:pass;yellow_rule_score:warn.missing.ladle_state;crane_distance_and_workload:scored;ladle_reuse:immediate_release
AP0961E7::301513,AP0961E7,301513,decision_tree,已分配,ST51,1170,0,TRUE,,规则决策树→真实行车距离/作业均衡→硬约束终检→本次转运后钢包释放,input_complete:pass;ladle_state_repair_argon:pass;grade_age_weight_previous_grade:pass;crane_load_time_safety:pass;yellow_rule_score:warn.missing.ladle_state.empty_ladle_weight_not_enforced;crane_distance_and_workload:scored;ladle_reuse:immediate_release
IW9422E8::301514,IW9422E8,301514,decision_tree,已分配,ST09,3520,0,TRUE,,规则决策树→真实行车距离/作业均衡→硬约束终检→本次转运后钢包释放,input_complete:pass;ladle_state_repair_argon:pass;grade_age_weight_previous_grade:pass;crane_load_time_safety:pass;yellow_rule_score:warn.missing.ladle_state;crane_distance_and_workload:scored;ladle_reuse:immediate_release
JU6310E7::301515,JU6310E7,301515,decision_tree,已分配,ST36,2500,0,TRUE,,规则决策树→真实行车距离/作业均衡→硬约束终检→本次转运后钢包释放,input_complete:pass;ladle_state_repair_argon:pass;grade_age_weight_previous_grade:pass;crane_load_time_safety:pass;yellow_rule_score:warn.missing.ladle_state;crane_distance_and_workload:scored;ladle_reuse:immediate_release
IW9226E4::300845,IW9226E4,300845,decision_tree,已分配,ST09,4170,0,TRUE,,规则决策树→真实行车距离/作业均衡→硬约束终检→本次转运后钢包释放,input_complete:pass;ladle_state_repair_argon:pass;grade_age_weight_previous_grade:pass;crane_load_time_safety:pass;yellow_rule_score:warn.missing.ladle_state;crane_distance_and_workload:scored;ladle_reuse:immediate_release
DT3854D2::300846,DT3854D2,300846,decision_tree,已分配,ST02,3170,0,TRUE,,规则决策树→真实行车距离/作业均衡→硬约束终检→本次转运后钢包释放,input_complete:pass;ladle_state_repair_argon:pass;grade_age_weight_previous_grade:pass;crane_load_time_safety:pass;yellow_rule_score:warn.missing.ladle_state;crane_distance_and_workload:scored;ladle_reuse:immediate_release
JU6P32P6::300847,JU6P32P6,300847,decision_tree,已分配,ST08,1520,0,FALSE,,规则决策树→真实行车距离/作业均衡→硬约束终检→本次转运后钢包释放,input_complete:pass;ladle_state_repair_argon:pass;grade_age_weight_previous_grade:pass;crane_load_time_safety:pass;yellow_rule_score:warn.grade_not_enforced.missing.ladle_state;crane_distance_and_workload:scored;ladle_reuse:immediate_release
JU6814A6::301516,JU6814A6,301516,decision_tree,已分配,ST07,4170,0,TRUE,,规则决策树→真实行车距离/作业均衡→硬约束终检→本次转运后钢包释放,input_complete:pass;ladle_state_repair_argon:pass;grade_age_weight_previous_grade:pass;crane_load_time_safety:pass;yellow_rule_score:warn.missing.ladle_state;crane_distance_and_workload:scored;ladle_reuse:immediate_release
IW9226E4::300849,IW9226E4,300849,decision_tree,已分配,ST36,2500,0,TRUE,,规则决策树→真实行车距离/作业均衡→硬约束终检→本次转运后钢包释放,input_complete:pass;ladle_state_repair_argon:pass;grade_age_weight_previous_grade:pass;crane_load_time_safety:pass;yellow_rule_score:warn.missing.ladle_state;crane_distance_and_workload:scored;ladle_reuse:immediate_release
JU7P2EP6::300836,JU7P2EP6,300836,decision_tree,已分配,ST08,1520,0,FALSE,,规则决策树→真实行车距离/作业均衡→硬约束终检→本次转运后钢包释放,input_complete:pass;ladle_state_repair_argon:pass;grade_age_weight_previous_grade:pass;crane_load_time_safety:pass;yellow_rule_score:warn.grade_not_enforced.missing.ladle_state;crane_distance_and_workload:scored;ladle_reuse:immediate_release
AR4221E5::300848,AR4221E5,300848,decision_tree,已分配,ST15,2520,0,TRUE,,规则决策树→真实行车距离/作业均衡→硬约束终检→本次转运后钢包释放,input_complete:pass;ladle_state_repair_argon:pass;grade_age_weight_previous_grade:pass;crane_load_time_safety:pass;yellow_rule_score:warn.missing.ladle_state;crane_distance_and_workload:scored;ladle_reuse:immediate_release
DT0145D1::300838,DT0145D1,300838,decision_tree,已分配,ST36,2500,0,TRUE,,规则决策树→真实行车距离/作业均衡→硬约束终检→本次转运后钢包释放,input_complete:pass;ladle_state_repair_argon:pass;grade_age_weight_previous_grade:pass;crane_load_time_safety:pass;yellow_rule_score:warn.missing.ladle_state;crane_distance_and_workload:scored;ladle_reuse:immediate_release
IW9226E4::300839,IW9226E4,300839,decision_tree,已分配,ST38,2170,0,TRUE,,规则决策树→真实行车距离/作业均衡→硬约束终检→本次转运后钢包释放,input_complete:pass;ladle_state_repair_argon:pass;grade_age_weight_previous_grade:pass;crane_load_time_safety:pass;yellow_rule_score:warn.missing.ladle_state;crane_distance_and_workload:scored;ladle_reuse:immediate_release
DT3850D7::300850,DT3850D7,300850,decision_tree,已分配,ST51,2170,0,TRUE,,规则决策树→真实行车距离/作业均衡→硬约束终检→本次转运后钢包释放,input_complete:pass;ladle_state_repair_argon:pass;grade_age_weight_previous_grade:pass;crane_load_time_safety:pass;yellow_rule_score:warn.missing.ladle_state.empty_ladle_weight_not_enforced;crane_distance_and_workload:scored;ladle_reuse:immediate_release
AR4221E5::300851,AR4221E5,300851,decision_tree,已分配,ST51,1170,0,TRUE,,规则决策树→真实行车距离/作业均衡→硬约束终检→本次转运后钢包释放,input_complete:pass;ladle_state_repair_argon:pass;grade_age_weight_previous_grade:pass;crane_load_time_safety:pass;yellow_rule_score:warn.missing.ladle_state.empty_ladle_weight_not_enforced;crane_distance_and_workload:scored;ladle_reuse:immediate_release
AN1541E5::300852,AN1541E5,300852,decision_tree,已分配,ST07,4170,0,TRUE,,规则决策树→真实行车距离/作业均衡→硬约束终检→本次转运后钢包释放,input_complete:pass;ladle_state_repair_argon:pass;grade_age_weight_previous_grade:pass;crane_load_time_safety:pass;yellow_rule_score:warn.missing.ladle_state;crane_distance_and_workload:scored;ladle_reuse:immediate_release
IU3840E1::301517,IU3840E1,301517,decision_tree,已分配,ST51,2170,0,TRUE,,规则决策树→真实行车距离/作业均衡→硬约束终检→本次转运后钢包释放,input_complete:pass;ladle_state_repair_argon:pass;grade_age_weight_previous_grade:pass;crane_load_time_safety:pass;yellow_rule_score:warn.missing.ladle_state.empty_ladle_weight_not_enforced;crane_distance_and_workload:scored;ladle_reuse:immediate_release
AN1541E1::301518,AN1541E1,301518,decision_tree,已分配,ST15,2520,0,TRUE,,规则决策树→真实行车距离/作业均衡→硬约束终检→本次转运后钢包释放,input_complete:pass;ladle_state_repair_argon:pass;grade_age_weight_previous_grade:pass;crane_load_time_safety:pass;yellow_rule_score:warn.missing.ladle_state;crane_distance_and_workload:scored;ladle_reuse:immediate_release
DR4143E5::300855,DR4143E5,300855,decision_tree,已分配,ST36,2500,0,TRUE,,规则决策树→真实行车距离/作业均衡→硬约束终检→本次转运后钢包释放,input_complete:pass;ladle_state_repair_argon:pass;grade_age_weight_previous_grade:pass;crane_load_time_safety:pass;yellow_rule_score:warn.missing.ladle_state;crane_distance_and_workload:scored;ladle_reuse:immediate_release
JU6310E7::301519,JU6310E7,301519,decision_tree,已分配,ST51,1170,0,TRUE,,规则决策树→真实行车距离/作业均衡→硬约束终检→本次转运后钢包释放,input_complete:pass;ladle_state_repair_argon:pass;grade_age_weight_previous_grade:pass;crane_load_time_safety:pass;yellow_rule_score:warn.missing.ladle_state.empty_ladle_weight_not_enforced;crane_distance_and_workload:scored;ladle_reuse:immediate_release
DU3542D1::300854,DU3542D1,300854,decision_tree,已分配,ST15,2520,0,TRUE,,规则决策树→真实行车距离/作业均衡→硬约束终检→本次转运后钢包释放,input_complete:pass;ladle_state_repair_argon:pass;grade_age_weight_previous_grade:pass;crane_load_time_safety:pass;yellow_rule_score:warn.missing.ladle_state;crane_distance_and_workload:scored;ladle_reuse:immediate_release
JU6814A6::301520,JU6814A6,301520,decision_tree,已分配,ST07,3520,0,TRUE,,规则决策树→真实行车距离/作业均衡→硬约束终检→本次转运后钢包释放,input_complete:pass;ladle_state_repair_argon:pass;grade_age_weight_previous_grade:pass;crane_load_time_safety:pass;yellow_rule_score:warn.missing.ladle_state;crane_distance_and_workload:scored;ladle_reuse:immediate_release
AN1541E5::301522,AN1541E5,301522,decision_tree,已分配,ST07,3170,0,TRUE,,规则决策树→真实行车距离/作业均衡→硬约束终检→本次转运后钢包释放,input_complete:pass;ladle_state_repair_argon:pass;grade_age_weight_previous_grade:pass;crane_load_time_safety:pass;yellow_rule_score:warn.missing.ladle_state;crane_distance_and_workload:scored;ladle_reuse:immediate_release
JU6310E7::301523,JU6310E7,301523,decision_tree,已分配,ST51,1170,0,TRUE,,规则决策树→真实行车距离/作业均衡→硬约束终检→本次转运后钢包释放,input_complete:pass;ladle_state_repair_argon:pass;grade_age_weight_previous_grade:pass;crane_load_time_safety:pass;yellow_rule_score:warn.missing.ladle_state.empty_ladle_weight_not_enforced;crane_distance_and_workload:scored;ladle_reuse:immediate_release
JU6814A6::301524,JU6814A6,301524,decision_tree,已分配,ST07,4170,0,TRUE,,规则决策树→真实行车距离/作业均衡→硬约束终检→本次转运后钢包释放,input_complete:pass;ladle_state_repair_argon:pass;grade_age_weight_previous_grade:pass;crane_load_time_safety:pass;yellow_rule_score:warn.missing.ladle_state;crane_distance_and_workload:scored;ladle_reuse:immediate_release
DU3851D1::301526,DU3851D1,301526,decision_tree,已分配,ST09,3520,0,TRUE,,规则决策树→真实行车距离/作业均衡→硬约束终检→本次转运后钢包释放,input_complete:pass;ladle_state_repair_argon:pass;grade_age_weight_previous_grade:pass;crane_load_time_safety:pass;yellow_rule_score:warn.missing.ladle_state;crane_distance_and_workload:scored;ladle_reuse:immediate_release
IW9321E7::300853,IW9321E7,300853,decision_tree,已分配,ST09,3520,0,TRUE,,规则决策树→真实行车距离/作业均衡→硬约束终检→本次转运后钢包释放,input_complete:pass;ladle_state_repair_argon:pass;grade_age_weight_previous_grade:pass;crane_load_time_safety:pass;yellow_rule_score:warn.missing.ladle_state;crane_distance_and_workload:scored;ladle_reuse:immediate_release
AN1541E5::300856,AN1541E5,300856,decision_tree,已分配,ST07,3170,0,TRUE,,规则决策树→真实行车距离/作业均衡→硬约束终检→本次转运后钢包释放,input_complete:pass;ladle_state_repair_argon:pass;grade_age_weight_previous_grade:pass;crane_load_time_safety:pass;yellow_rule_score:warn.missing.ladle_state;crane_distance_and_workload:scored;ladle_reuse:immediate_release
DT3853D3::300858,DT3853D3,300858,decision_tree,已分配,ST51,2170,0,TRUE,,规则决策树→真实行车距离/作业均衡→硬约束终检→本次转运后钢包释放,input_complete:pass;ladle_state_repair_argon:pass;grade_age_weight_previous_grade:pass;crane_load_time_safety:pass;yellow_rule_score:warn.missing.ladle_state.empty_ladle_weight_not_enforced;crane_distance_and_workload:scored;ladle_reuse:immediate_release
AN1541E5::300860,AN1541E5,300860,decision_tree,已分配,ST07,3520,0,TRUE,,规则决策树→真实行车距离/作业均衡→硬约束终检→本次转运后钢包释放,input_complete:pass;ladle_state_repair_argon:pass;grade_age_weight_previous_grade:pass;crane_load_time_safety:pass;yellow_rule_score:warn.missing.ladle_state;crane_distance_and_workload:scored;ladle_reuse:immediate_release
AN1541E5::300862,AN1541E5,300862,decision_tree,已分配,ST07,4170,0,TRUE,,规则决策树→真实行车距离/作业均衡→硬约束终检→本次转运后钢包释放,input_complete:pass;ladle_state_repair_argon:pass;grade_age_weight_previous_grade:pass;crane_load_time_safety:pass;yellow_rule_score:warn.missing.ladle_state;crane_distance_and_workload:scored;ladle_reuse:immediate_release
DR4143E5::300863,DR4143E5,300863,decision_tree,已分配,ST08,1520,0,TRUE,,规则决策树→真实行车距离/作业均衡→硬约束终检→本次转运后钢包释放,input_complete:pass;ladle_state_repair_argon:pass;grade_age_weight_previous_grade:pass;crane_load_time_safety:pass;yellow_rule_score:warn.missing.ladle_state;crane_distance_and_workload:scored;ladle_reuse:immediate_release
DT3851D2::300864,DT3851D2,300864,decision_tree,已分配,ST38,1170,0,TRUE,,规则决策树→真实行车距离/作业均衡→硬约束终检→本次转运后钢包释放,input_complete:pass;ladle_state_repair_argon:pass;grade_age_weight_previous_grade:pass;crane_load_time_safety:pass;yellow_rule_score:warn.missing.ladle_state;crane_distance_and_workload:scored;ladle_reuse:immediate_release
AN1541E5::300866,AN1541E5,300866,decision_tree,已分配,ST07,3170,0,TRUE,,规则决策树→真实行车距离/作业均衡→硬约束终检→本次转运后钢包释放,input_complete:pass;ladle_state_repair_argon:pass;grade_age_weight_previous_grade:pass;crane_load_time_safety:pass;yellow_rule_score:warn.missing.ladle_state;crane_distance_and_workload:scored;ladle_reuse:immediate_release
DT0144D1::300868,DT0144D1,300868,decision_tree,已分配,ST15,2520,0,TRUE,,规则决策树→真实行车距离/作业均衡→硬约束终检→本次转运后钢包释放,input_complete:pass;ladle_state_repair_argon:pass;grade_age_weight_previous_grade:pass;crane_load_time_safety:pass;yellow_rule_score:warn.missing.ladle_state;crane_distance_and_workload:scored;ladle_reuse:immediate_release
AN1541E5::300869,AN1541E5,300869,decision_tree,已分配,ST07,3520,0,TRUE,,规则决策树→真实行车距离/作业均衡→硬约束终检→本次转运后钢包释放,input_complete:pass;ladle_state_repair_argon:pass;grade_age_weight_previous_grade:pass;crane_load_time_safety:pass;yellow_rule_score:warn.missing.ladle_state;crane_distance_and_workload:scored;ladle_reuse:immediate_release
IW9422E8::300870,IW9422E8,300870,decision_tree,已分配,ST51,2170,0,TRUE,,规则决策树→真实行车距离/作业均衡→硬约束终检→本次转运后钢包释放,input_complete:pass;ladle_state_repair_argon:pass;grade_age_weight_previous_grade:pass;crane_load_time_safety:pass;yellow_rule_score:warn.missing.ladle_state.empty_ladle_weight_not_enforced;crane_distance_and_workload:scored;ladle_reuse:immediate_release
DR4143E5::300871,DR4143E5,300871,decision_tree,已分配,ST36,2500,0,TRUE,,规则决策树→真实行车距离/作业均衡→硬约束终检→本次转运后钢包释放,input_complete:pass;ladle_state_repair_argon:pass;grade_age_weight_previous_grade:pass;crane_load_time_safety:pass;yellow_rule_score:warn.missing.ladle_state;crane_distance_and_workload:scored;ladle_reuse:immediate_release
DT0144D1::300872,DT0144D1,300872,decision_tree,已分配,ST51,1170,0,TRUE,,规则决策树→真实行车距离/作业均衡→硬约束终检→本次转运后钢包释放,input_complete:pass;ladle_state_repair_argon:pass;grade_age_weight_previous_grade:pass;crane_load_time_safety:pass;yellow_rule_score:warn.missing.ladle_state.empty_ladle_weight_not_enforced;crane_distance_and_workload:scored;ladle_reuse:immediate_release
AU5861E1::300873,AU5861E1,300873,decision_tree,已分配,ST08,1520,0,TRUE,,规则决策树→真实行车距离/作业均衡→硬约束终检→本次转运后钢包释放,input_complete:pass;ladle_state_repair_argon:pass;grade_age_weight_previous_grade:pass;crane_load_time_safety:pass;yellow_rule_score:warn.missing.ladle_state;crane_distance_and_workload:scored;ladle_reuse:immediate_release
EU5410A4::300874,EU5410A4,300874,decision_tree,已分配,ST36,2500,0,FALSE,,规则决策树→真实行车距离/作业均衡→硬约束终检→本次转运后钢包释放,input_complete:pass;ladle_state_repair_argon:pass;grade_age_weight_previous_grade:pass;crane_load_time_safety:pass;yellow_rule_score:warn.grade_not_enforced.missing.ladle_state;crane_distance_and_workload:scored;ladle_reuse:immediate_release
DR4143E5::300875,DR4143E5,300875,decision_tree,已分配,ST09,4170,0,TRUE,,规则决策树→真实行车距离/作业均衡→硬约束终检→本次转运后钢包释放,input_complete:pass;ladle_state_repair_argon:pass;grade_age_weight_previous_grade:pass;crane_load_time_safety:pass;yellow_rule_score:warn.missing.ladle_state;crane_distance_and_workload:scored;ladle_reuse:immediate_release
DT0144D1::300876,DT0144D1,300876,decision_tree,已分配,ST51,2170,0,TRUE,,规则决策树→真实行车距离/作业均衡→硬约束终检→本次转运后钢包释放,input_complete:pass;ladle_state_repair_argon:pass;grade_age_weight_previous_grade:pass;crane_load_time_safety:pass;yellow_rule_score:warn.missing.ladle_state.empty_ladle_weight_not_enforced;crane_distance_and_workload:scored;ladle_reuse:immediate_release
AU5861E1::300877,AU5861E1,300877,decision_tree,已分配,ST15,2520,0,TRUE,,规则决策树→真实行车距离/作业均衡→硬约束终检→本次转运后钢包释放,input_complete:pass;ladle_state_repair_argon:pass;grade_age_weight_previous_grade:pass;crane_load_time_safety:pass;yellow_rule_score:warn.missing.ladle_state;crane_distance_and_workload:scored;ladle_reuse:immediate_release
EU5410A3::300878,EU5410A3,300878,decision_tree,已分配,ST07,3520,0,TRUE,,规则决策树→真实行车距离/作业均衡→硬约束终检→本次转运后钢包释放,input_complete:pass;ladle_state_repair_argon:pass;grade_age_weight_previous_grade:pass;crane_load_time_safety:pass;yellow_rule_score:warn.missing.ladle_state;crane_distance_and_workload:scored;ladle_reuse:immediate_release
AR4144E5::300879,AR4144E5,300879,decision_tree,已分配,ST07,3170,0,TRUE,,规则决策树→真实行车距离/作业均衡→硬约束终检→本次转运后钢包释放,input_complete:pass;ladle_state_repair_argon:pass;grade_age_weight_previous_grade:pass;crane_load_time_safety:pass;yellow_rule_score:warn.missing.ladle_state;crane_distance_and_workload:scored;ladle_reuse:immediate_release
DT0144D1::300880,DT0144D1,300880,decision_tree,已分配,ST51,1170,0,TRUE,,规则决策树→真实行车距离/作业均衡→硬约束终检→本次转运后钢包释放,input_complete:pass;ladle_state_repair_argon:pass;grade_age_weight_previous_grade:pass;crane_load_time_safety:pass;yellow_rule_score:warn.missing.ladle_state.empty_ladle_weight_not_enforced;crane_distance_and_workload:scored;ladle_reuse:immediate_release
JU7P2EP6::300881,JU7P2EP6,300881,decision_tree,已分配,ST51,1170,0,FALSE,,规则决策树→真实行车距离/作业均衡→硬约束终检→本次转运后钢包释放,input_complete:pass;ladle_state_repair_argon:pass;grade_age_weight_previous_grade:pass;crane_load_time_safety:pass;yellow_rule_score:warn.grade_not_enforced.missing.ladle_state.empty_ladle_weight_not_enforced;crane_distance_and_workload:scored;ladle_reuse:immediate_release
AU5861E1::300882,AU5861E1,300882,decision_tree,已分配,ST08,1520,0,TRUE,,规则决策树→真实行车距离/作业均衡→硬约束终检→本次转运后钢包释放,input_complete:pass;ladle_state_repair_argon:pass;grade_age_weight_previous_grade:pass;crane_load_time_safety:pass;yellow_rule_score:warn.missing.ladle_state;crane_distance_and_workload:scored;ladle_reuse:immediate_release
AR4144E5::300883,AR4144E5,300883,decision_tree,已分配,ST07,4170,0,TRUE,,规则决策树→真实行车距离/作业均衡→硬约束终检→本次转运后钢包释放,input_complete:pass;ladle_state_repair_argon:pass;grade_age_weight_previous_grade:pass;crane_load_time_safety:pass;yellow_rule_score:warn.missing.ladle_state;crane_distance_and_workload:scored;ladle_reuse:immediate_release
DT0145D1::300884,DT0145D1,300884,decision_tree,已分配,ST09,3520,0,TRUE,,规则决策树→真实行车距离/作业均衡→硬约束终检→本次转运后钢包释放,input_complete:pass;ladle_state_repair_argon:pass;grade_age_weight_previous_grade:pass;crane_load_time_safety:pass;yellow_rule_score:warn.missing.ladle_state;crane_distance_and_workload:scored;ladle_reuse:immediate_release
JU7P2EP6::300885,JU7P2EP6,300885,decision_tree,已分配,ST15,2520,0,FALSE,,规则决策树→真实行车距离/作业均衡→硬约束终检→本次转运后钢包释放,input_complete:pass;ladle_state_repair_argon:pass;grade_age_weight_previous_grade:pass;crane_load_time_safety:pass;yellow_rule_score:warn.grade_not_enforced.missing.ladle_state;crane_distance_and_workload:scored;ladle_reuse:immediate_release
EU5410A3::300886,EU5410A3,300886,decision_tree,已分配,ST07,3170,0,TRUE,,规则决策树→真实行车距离/作业均衡→硬约束终检→本次转运后钢包释放,input_complete:pass;ladle_state_repair_argon:pass;grade_age_weight_previous_grade:pass;crane_load_time_safety:pass;yellow_rule_score:warn.missing.ladle_state;crane_distance_and_workload:scored;ladle_reuse:immediate_release
DT0170D1::300888,DT0170D1,300888,decision_tree,已分配,ST51,2170,0,TRUE,,规则决策树→真实行车距离/作业均衡→硬约束终检→本次转运后钢包释放,input_complete:pass;ladle_state_repair_argon:pass;grade_age_weight_previous_grade:pass;crane_load_time_safety:pass;yellow_rule_score:warn.missing.ladle_state.empty_ladle_weight_not_enforced;crane_distance_and_workload:scored;ladle_reuse:immediate_release
AR4144E5::300887,AR4144E5,300887,decision_tree,已分配,ST07,3170,0,TRUE,,规则决策树→真实行车距离/作业均衡→硬约束终检→本次转运后钢包释放,input_complete:pass;ladle_state_repair_argon:pass;grade_age_weight_previous_grade:pass;crane_load_time_safety:pass;yellow_rule_score:warn.missing.ladle_state;crane_distance_and_workload:scored;ladle_reuse:immediate_release
EU5410A4::300890,EU5410A4,300890,decision_tree,已分配,ST36,2500,0,FALSE,,规则决策树→真实行车距离/作业均衡→硬约束终检→本次转运后钢包释放,input_complete:pass;ladle_state_repair_argon:pass;grade_age_weight_previous_grade:pass;crane_load_time_safety:pass;yellow_rule_score:warn.grade_not_enforced.missing.ladle_state;crane_distance_and_workload:scored;ladle_reuse:immediate_release
AR4144E5::300891,AR4144E5,300891,decision_tree,已分配,ST07,4170,0,TRUE,,规则决策树→真实行车距离/作业均衡→硬约束终检→本次转运后钢包释放,input_complete:pass;ladle_state_repair_argon:pass;grade_age_weight_previous_grade:pass;crane_load_time_safety:pass;yellow_rule_score:warn.missing.ladle_state;crane_distance_and_workload:scored;ladle_reuse:immediate_release
JU7P2EP6::300893,JU7P2EP6,300893,decision_tree,已分配,ST08,1520,0,FALSE,,规则决策树→真实行车距离/作业均衡→硬约束终检→本次转运后钢包释放,input_complete:pass;ladle_state_repair_argon:pass;grade_age_weight_previous_grade:pass;crane_load_time_safety:pass;yellow_rule_score:warn.grade_not_enforced.missing.ladle_state;crane_distance_and_workload:scored;ladle_reuse:immediate_release
DT0170D1::300892,DT0170D1,300892,decision_tree,已分配,ST51,2170,0,TRUE,,规则决策树→真实行车距离/作业均衡→硬约束终检→本次转运后钢包释放,input_complete:pass;ladle_state_repair_argon:pass;grade_age_weight_previous_grade:pass;crane_load_time_safety:pass;yellow_rule_score:warn.missing.ladle_state.empty_ladle_weight_not_enforced;crane_distance_and_workload:scored;ladle_reuse:immediate_release
AR4144E5::300894,AR4144E5,300894,decision_tree,已分配,ST07,3520,0,TRUE,,规则决策树→真实行车距离/作业均衡→硬约束终检→本次转运后钢包释放,input_complete:pass;ladle_state_repair_argon:pass;grade_age_weight_previous_grade:pass;crane_load_time_safety:pass;yellow_rule_score:warn.missing.ladle_state;crane_distance_and_workload:scored;ladle_reuse:immediate_release
EU5410A3::300895,EU5410A3,300895,decision_tree,已分配,ST07,3170,0,TRUE,,规则决策树→真实行车距离/作业均衡→硬约束终检→本次转运后钢包释放,input_complete:pass;ladle_state_repair_argon:pass;grade_age_weight_previous_grade:pass;crane_load_time_safety:pass;yellow_rule_score:warn.missing.ladle_state;crane_distance_and_workload:scored;ladle_reuse:immediate_release
DT0170D1::300896,DT0170D1,300896,decision_tree,已分配,ST51,1170,0,TRUE,,规则决策树→真实行车距离/作业均衡→硬约束终检→本次转运后钢包释放,input_complete:pass;ladle_state_repair_argon:pass;grade_age_weight_previous_grade:pass;crane_load_time_safety:pass;yellow_rule_score:warn.missing.ladle_state.empty_ladle_weight_not_enforced;crane_distance_and_workload:scored;ladle_reuse:immediate_release
JU7P2EP6::300897,JU7P2EP6,300897,decision_tree,已分配,ST15,2520,0,FALSE,,规则决策树→真实行车距离/作业均衡→硬约束终检→本次转运后钢包释放,input_complete:pass;ladle_state_repair_argon:pass;grade_age_weight_previous_grade:pass;crane_load_time_safety:pass;yellow_rule_score:warn.grade_not_enforced.missing.ladle_state;crane_distance_and_workload:scored;ladle_reuse:immediate_release
JU6814A6::301529,JU6814A6,301529,decision_tree,已分配,ST07,3170,0,TRUE,,规则决策树→真实行车距离/作业均衡→硬约束终检→本次转运后钢包释放,input_complete:pass;ladle_state_repair_argon:pass;grade_age_weight_previous_grade:pass;crane_load_time_safety:pass;yellow_rule_score:warn.missing.ladle_state;crane_distance_and_workload:scored;ladle_reuse:immediate_release
DU3851D1::301521,DU3851D1,301521,decision_tree,已分配,ST08,1520,0,TRUE,,规则决策树→真实行车距离/作业均衡→硬约束终检→本次转运后钢包释放,input_complete:pass;ladle_state_repair_argon:pass;grade_age_weight_previous_grade:pass;crane_load_time_safety:pass;yellow_rule_score:warn.missing.ladle_state;crane_distance_and_workload:scored;ladle_reuse:immediate_release
AN1541E5::301525,AN1541E5,301525,decision_tree,已分配,ST07,3170,0,TRUE,,规则决策树→真实行车距离/作业均衡→硬约束终检→本次转运后钢包释放,input_complete:pass;ladle_state_repair_argon:pass;grade_age_weight_previous_grade:pass;crane_load_time_safety:pass;yellow_rule_score:warn.missing.ladle_state;crane_distance_and_workload:scored;ladle_reuse:immediate_release
JU6310E7::301527,JU6310E7,301527,decision_tree,已分配,ST36,2500,0,TRUE,,规则决策树→真实行车距离/作业均衡→硬约束终检→本次转运后钢包释放,input_complete:pass;ladle_state_repair_argon:pass;grade_age_weight_previous_grade:pass;crane_load_time_safety:pass;yellow_rule_score:warn.missing.ladle_state;crane_distance_and_workload:scored;ladle_reuse:immediate_release
AR4144E5::300898,AR4144E5,300898,decision_tree,已分配,ST07,4170,0,TRUE,,规则决策树→真实行车距离/作业均衡→硬约束终检→本次转运后钢包释放,input_complete:pass;ladle_state_repair_argon:pass;grade_age_weight_previous_grade:pass;crane_load_time_safety:pass;yellow_rule_score:warn.missing.ladle_state;crane_distance_and_workload:scored;ladle_reuse:immediate_release
EU5410A3::300899,EU5410A3,300899,decision_tree,已分配,ST07,4170,0,TRUE,,规则决策树→真实行车距离/作业均衡→硬约束终检→本次转运后钢包释放,input_complete:pass;ladle_state_repair_argon:pass;grade_age_weight_previous_grade:pass;crane_load_time_safety:pass;yellow_rule_score:warn.missing.ladle_state;crane_distance_and_workload:scored;ladle_reuse:immediate_release
AR4144E5::300902,AR4144E5,300902,decision_tree,已分配,ST07,3520,0,TRUE,,规则决策树→真实行车距离/作业均衡→硬约束终检→本次转运后钢包释放,input_complete:pass;ladle_state_repair_argon:pass;grade_age_weight_previous_grade:pass;crane_load_time_safety:pass;yellow_rule_score:warn.missing.ladle_state;crane_distance_and_workload:scored;ladle_reuse:immediate_release
JU7P2EP6::300904,JU7P2EP6,300904,decision_tree,已分配,ST15,2520,0,FALSE,,规则决策树→真实行车距离/作业均衡→硬约束终检→本次转运后钢包释放,input_complete:pass;ladle_state_repair_argon:pass;grade_age_weight_previous_grade:pass;crane_load_time_safety:pass;yellow_rule_score:warn.grade_not_enforced.missing.ladle_state;crane_distance_and_workload:scored;ladle_reuse:immediate_release
GR4155E1::300906,GR4155E1,300906,decision_tree,已分配,ST36,2500,0,TRUE,,规则决策树→真实行车距离/作业均衡→硬约束终检→本次转运后钢包释放,input_complete:pass;ladle_state_repair_argon:pass;grade_age_weight_previous_grade:pass;crane_load_time_safety:pass;yellow_rule_score:warn.missing.ladle_state;crane_distance_and_workload:scored;ladle_reuse:immediate_release
DQ0198D2::300907,DQ0198D2,300907,decision_tree,已分配,ST08,1520,0,TRUE,,规则决策树→真实行车距离/作业均衡→硬约束终检→本次转运后钢包释放,input_complete:pass;ladle_state_repair_argon:pass;grade_age_weight_previous_grade:pass;crane_load_time_safety:pass;yellow_rule_score:warn.missing.ladle_state;crane_distance_and_workload:scored;ladle_reuse:immediate_release
JU6310E7::300908,JU6310E7,300908,decision_tree,已分配,ST51,1170,0,TRUE,,规则决策树→真实行车距离/作业均衡→硬约束终检→本次转运后钢包释放,input_complete:pass;ladle_state_repair_argon:pass;grade_age_weight_previous_grade:pass;crane_load_time_safety:pass;yellow_rule_score:warn.missing.ladle_state.empty_ladle_weight_not_enforced;crane_distance_and_workload:scored;ladle_reuse:immediate_release
AQ2091E1::300909,AQ2091E1,300909,decision_tree,已分配,ST08,1520,0,FALSE,,规则决策树→真实行车距离/作业均衡→硬约束终检→本次转运后钢包释放,input_complete:pass;ladle_state_repair_argon:pass;grade_age_weight_previous_grade:pass;crane_load_time_safety:pass;yellow_rule_score:warn.grade_not_enforced.missing.ladle_state;crane_distance_and_workload:scored;ladle_reuse:immediate_release
JV6P1CP6::300910,JV6P1CP6,300910,decision_tree,已分配,ST09,4170,0,FALSE,,规则决策树→真实行车距离/作业均衡→硬约束终检→本次转运后钢包释放,input_complete:pass;ladle_state_repair_argon:pass;grade_age_weight_previous_grade:pass;crane_load_time_safety:pass;yellow_rule_score:warn.grade_not_enforced.missing.ladle_state;crane_distance_and_workload:scored;ladle_reuse:immediate_release
DT0170D1::300901,DT0170D1,300901,decision_tree,已分配,ST51,2170,0,TRUE,,规则决策树→真实行车距离/作业均衡→硬约束终检→本次转运后钢包释放,input_complete:pass;ladle_state_repair_argon:pass;grade_age_weight_previous_grade:pass;crane_load_time_safety:pass;yellow_rule_score:warn.missing.ladle_state.empty_ladle_weight_not_enforced;crane_distance_and_workload:scored;ladle_reuse:immediate_release
DT0170D1::300903,DT0170D1,300903,decision_tree,已分配,ST51,1170,0,TRUE,,规则决策树→真实行车距离/作业均衡→硬约束终检→本次转运后钢包释放,input_complete:pass;ladle_state_repair_argon:pass;grade_age_weight_previous_grade:pass;crane_load_time_safety:pass;yellow_rule_score:warn.missing.ladle_state.empty_ladle_weight_not_enforced;crane_distance_and_workload:scored;ladle_reuse:immediate_release
JU6310E7::300905,JU6310E7,300905,decision_tree,已分配,ST36,2500,0,TRUE,,规则决策树→真实行车距离/作业均衡→硬约束终检→本次转运后钢包释放,input_complete:pass;ladle_state_repair_argon:pass;grade_age_weight_previous_grade:pass;crane_load_time_safety:pass;yellow_rule_score:warn.missing.ladle_state;crane_distance_and_workload:scored;ladle_reuse:immediate_release
DQ0198D2::300911,DQ0198D2,300911,decision_tree,已分配,ST51,2170,0,TRUE,,规则决策树→真实行车距离/作业均衡→硬约束终检→本次转运后钢包释放,input_complete:pass;ladle_state_repair_argon:pass;grade_age_weight_previous_grade:pass;crane_load_time_safety:pass;yellow_rule_score:warn.missing.ladle_state.empty_ladle_weight_not_enforced;crane_distance_and_workload:scored;ladle_reuse:immediate_release
JU6310E7::300912,JU6310E7,300912,decision_tree,已分配,ST36,2500,0,TRUE,,规则决策树→真实行车距离/作业均衡→硬约束终检→本次转运后钢包释放,input_complete:pass;ladle_state_repair_argon:pass;grade_age_weight_previous_grade:pass;crane_load_time_safety:pass;yellow_rule_score:warn.missing.ladle_state;crane_distance_and_workload:scored;ladle_reuse:immediate_release
JV6P1CP6::300913,JV6P1CP6,300913,decision_tree,已分配,ST51,2170,0,FALSE,,规则决策树→真实行车距离/作业均衡→硬约束终检→本次转运后钢包释放,input_complete:pass;ladle_state_repair_argon:pass;grade_age_weight_previous_grade:pass;crane_load_time_safety:pass;yellow_rule_score:warn.grade_not_enforced.missing.ladle_state.empty_ladle_weight_not_enforced;crane_distance_and_workload:scored;ladle_reuse:immediate_release
DQ0198D2::300914,DQ0198D2,300914,decision_tree,已分配,ST15,2520,0,TRUE,,规则决策树→真实行车距离/作业均衡→硬约束终检→本次转运后钢包释放,input_complete:pass;ladle_state_repair_argon:pass;grade_age_weight_previous_grade:pass;crane_load_time_safety:pass;yellow_rule_score:warn.missing.ladle_state;crane_distance_and_workload:scored;ladle_reuse:immediate_release
JU6310E7::300915,JU6310E7,300915,decision_tree,已分配,ST09,4170,0,TRUE,,规则决策树→真实行车距离/作业均衡→硬约束终检→本次转运后钢包释放,input_complete:pass;ladle_state_repair_argon:pass;grade_age_weight_previous_grade:pass;crane_load_time_safety:pass;yellow_rule_score:warn.missing.ladle_state;crane_distance_and_workload:scored;ladle_reuse:immediate_release
GR4152E2::300916,GR4152E2,300916,decision_tree,已分配,ST08,1520,0,TRUE,,规则决策树→真实行车距离/作业均衡→硬约束终检→本次转运后钢包释放,input_complete:pass;ladle_state_repair_argon:pass;grade_age_weight_previous_grade:pass;crane_load_time_safety:pass;yellow_rule_score:warn.missing.ladle_state;crane_distance_and_workload:scored;ladle_reuse:immediate_release
AP0941D8::300917,AP0941D8,300917,decision_tree,已分配,ST09,3170,0,TRUE,,规则决策树→真实行车距离/作业均衡→硬约束终检→本次转运后钢包释放,input_complete:pass;ladle_state_repair_argon:pass;grade_age_weight_previous_grade:pass;crane_load_time_safety:pass;yellow_rule_score:warn.missing.ladle_state;crane_distance_and_workload:scored;ladle_reuse:immediate_release
JU6310E7::300918,JU6310E7,300918,decision_tree,已分配,ST51,1170,0,TRUE,,规则决策树→真实行车距离/作业均衡→硬约束终检→本次转运后钢包释放,input_complete:pass;ladle_state_repair_argon:pass;grade_age_weight_previous_grade:pass;crane_load_time_safety:pass;yellow_rule_score:warn.missing.ladle_state.empty_ladle_weight_not_enforced;crane_distance_and_workload:scored;ladle_reuse:immediate_release
DQ0198D2::300919,DQ0198D2,300919,decision_tree,已分配,ST51,2170,0,TRUE,,规则决策树→真实行车距离/作业均衡→硬约束终检→本次转运后钢包释放,input_complete:pass;ladle_state_repair_argon:pass;grade_age_weight_previous_grade:pass;crane_load_time_safety:pass;yellow_rule_score:warn.missing.ladle_state.empty_ladle_weight_not_enforced;crane_distance_and_workload:scored;ladle_reuse:immediate_release
AN1541E5::300934,AN1541E5,300934,decision_tree,已分配,ST07,3520,0,TRUE,,规则决策树→真实行车距离/作业均衡→硬约束终检→本次转运后钢包释放,input_complete:pass;ladle_state_repair_argon:pass;grade_age_weight_previous_grade:pass;crane_load_time_safety:pass;yellow_rule_score:warn.missing.ladle_state;crane_distance_and_workload:scored;ladle_reuse:immediate_release
GR4152E2::300935,GR4152E2,300935,decision_tree,已分配,ST08,1520,0,TRUE,,规则决策树→真实行车距离/作业均衡→硬约束终检→本次转运后钢包释放,input_complete:pass;ladle_state_repair_argon:pass;grade_age_weight_previous_grade:pass;crane_load_time_safety:pass;yellow_rule_score:warn.missing.ladle_state;crane_distance_and_workload:scored;ladle_reuse:immediate_release
DT0142D1::300936,DT0142D1,300936,decision_tree,已分配,ST51,1170,0,TRUE,,规则决策树→真实行车距离/作业均衡→硬约束终检→本次转运后钢包释放,input_complete:pass;ladle_state_repair_argon:pass;grade_age_weight_previous_grade:pass;crane_load_time_safety:pass;yellow_rule_score:warn.missing.ladle_state.empty_ladle_weight_not_enforced;crane_distance_and_workload:scored;ladle_reuse:immediate_release
JU6310E7::300937,JU6310E7,300937,decision_tree,已分配,ST09,3170,0,TRUE,,规则决策树→真实行车距离/作业均衡→硬约束终检→本次转运后钢包释放,input_complete:pass;ladle_state_repair_argon:pass;grade_age_weight_previous_grade:pass;crane_load_time_safety:pass;yellow_rule_score:warn.missing.ladle_state;crane_distance_and_workload:scored;ladle_reuse:immediate_release
JU6310E7::300922,JU6310E7,300922,decision_tree,已分配,ST36,2500,0,TRUE,,规则决策树→真实行车距离/作业均衡→硬约束终检→本次转运后钢包释放,input_complete:pass;ladle_state_repair_argon:pass;grade_age_weight_previous_grade:pass;crane_load_time_safety:pass;yellow_rule_score:warn.missing.ladle_state;crane_distance_and_workload:scored;ladle_reuse:immediate_release
DQ0198D2::300923,DQ0198D2,300923,decision_tree,已分配,ST08,1520,0,TRUE,,规则决策树→真实行车距离/作业均衡→硬约束终检→本次转运后钢包释放,input_complete:pass;ladle_state_repair_argon:pass;grade_age_weight_previous_grade:pass;crane_load_time_safety:pass;yellow_rule_score:warn.missing.ladle_state;crane_distance_and_workload:scored;ladle_reuse:immediate_release
IL6CW2P1::300948,IL6CW2P1,300948,decision_tree,已分配,ST36,2500,0,FALSE,,规则决策树→真实行车距离/作业均衡→硬约束终检→本次转运后钢包释放,input_complete:pass;ladle_state_repair_argon:pass;grade_age_weight_previous_grade:pass;crane_load_time_safety:pass;yellow_rule_score:warn.grade_not_enforced.missing.ladle_state;crane_distance_and_workload:scored;ladle_reuse:immediate_release
JU6310E7::300931,JU6310E7,300931,decision_tree,已分配,ST09,4170,0,TRUE,,规则决策树→真实行车距离/作业均衡→硬约束终检→本次转运后钢包释放,input_complete:pass;ladle_state_repair_argon:pass;grade_age_weight_previous_grade:pass;crane_load_time_safety:pass;yellow_rule_score:warn.missing.ladle_state;crane_distance_and_workload:scored;ladle_reuse:immediate_release
AP0941D8::300924,AP0941D8,300924,decision_tree,已分配,ST09,3170,0,TRUE,,规则决策树→真实行车距离/作业均衡→硬约束终检→本次转运后钢包释放,input_complete:pass;ladle_state_repair_argon:pass;grade_age_weight_previous_grade:pass;crane_load_time_safety:pass;yellow_rule_score:warn.missing.ladle_state;crane_distance_and_workload:scored;ladle_reuse:immediate_release
GR4152E2::300925,GR4152E2,300925,decision_tree,已分配,ST15,2520,0,TRUE,,规则决策树→真实行车距离/作业均衡→硬约束终检→本次转运后钢包释放,input_complete:pass;ladle_state_repair_argon:pass;grade_age_weight_previous_grade:pass;crane_load_time_safety:pass;yellow_rule_score:warn.missing.ladle_state;crane_distance_and_workload:scored;ladle_reuse:immediate_release
AP0941D8::300926,AP0941D8,300926,decision_tree,已分配,ST36,2500,0,TRUE,,规则决策树→真实行车距离/作业均衡→硬约束终检→本次转运后钢包释放,input_complete:pass;ladle_state_repair_argon:pass;grade_age_weight_previous_grade:pass;crane_load_time_safety:pass;yellow_rule_score:warn.missing.ladle_state;crane_distance_and_workload:scored;ladle_reuse:immediate_release
DT0145D1::300949,DT0145D1,300949,decision_tree,已分配,ST51,2170,0,TRUE,,规则决策树→真实行车距离/作业均衡→硬约束终检→本次转运后钢包释放,input_complete:pass;ladle_state_repair_argon:pass;grade_age_weight_previous_grade:pass;crane_load_time_safety:pass;yellow_rule_score:warn.missing.ladle_state.empty_ladle_weight_not_enforced;crane_distance_and_workload:scored;ladle_reuse:immediate_release
GR4152E2::300932,GR4152E2,300932,decision_tree,已分配,ST08,1520,0,TRUE,,规则决策树→真实行车距离/作业均衡→硬约束终检→本次转运后钢包释放,input_complete:pass;ladle_state_repair_argon:pass;grade_age_weight_previous_grade:pass;crane_load_time_safety:pass;yellow_rule_score:warn.missing.ladle_state;crane_distance_and_workload:scored;ladle_reuse:immediate_release
GR4152E2::300920,GR4152E2,300920,decision_tree,已分配,ST51,1170,0,TRUE,,规则决策树→真实行车距离/作业均衡→硬约束终检→本次转运后钢包释放,input_complete:pass;ladle_state_repair_argon:pass;grade_age_weight_previous_grade:pass;crane_load_time_safety:pass;yellow_rule_score:warn.missing.ladle_state.empty_ladle_weight_not_enforced;crane_distance_and_workload:scored;ladle_reuse:immediate_release
AP0941D8::300921,AP0941D8,300921,decision_tree,已分配,ST09,3520,0,TRUE,,规则决策树→真实行车距离/作业均衡→硬约束终检→本次转运后钢包释放,input_complete:pass;ladle_state_repair_argon:pass;grade_age_weight_previous_grade:pass;crane_load_time_safety:pass;yellow_rule_score:warn.missing.ladle_state;crane_distance_and_workload:scored;ladle_reuse:immediate_release
DQ0134D1::300927,DQ0134D1,300927,decision_tree,已分配,ST51,2170,0,TRUE,,规则决策树→真实行车距离/作业均衡→硬约束终检→本次转运后钢包释放,input_complete:pass;ladle_state_repair_argon:pass;grade_age_weight_previous_grade:pass;crane_load_time_safety:pass;yellow_rule_score:warn.missing.ladle_state.empty_ladle_weight_not_enforced;crane_distance_and_workload:scored;ladle_reuse:immediate_release
JU6310E7::300928,JU6310E7,300928,decision_tree,已分配,ST08,1520,0,TRUE,,规则决策树→真实行车距离/作业均衡→硬约束终检→本次转运后钢包释放,input_complete:pass;ladle_state_repair_argon:pass;grade_age_weight_previous_grade:pass;crane_load_time_safety:pass;yellow_rule_score:warn.missing.ladle_state;crane_distance_and_workload:scored;ladle_reuse:immediate_release
GR4152E2::300929,GR4152E2,300929,decision_tree,已分配,ST09,3520,0,TRUE,,规则决策树→真实行车距离/作业均衡→硬约束终检→本次转运后钢包释放,input_complete:pass;ladle_state_repair_argon:pass;grade_age_weight_previous_grade:pass;crane_load_time_safety:pass;yellow_rule_score:warn.missing.ladle_state;crane_distance_and_workload:scored;ladle_reuse:immediate_release
GR4152E2::300950,GR4152E2,300950,decision_tree,已分配,ST51,1170,0,TRUE,,规则决策树→真实行车距离/作业均衡→硬约束终检→本次转运后钢包释放,input_complete:pass;ladle_state_repair_argon:pass;grade_age_weight_previous_grade:pass;crane_load_time_safety:pass;yellow_rule_score:warn.missing.ladle_state.empty_ladle_weight_not_enforced;crane_distance_and_workload:scored;ladle_reuse:immediate_release
JU6310E6::301531,JU6310E6,301531,decision_tree,已分配,ST07,3170,0,TRUE,,规则决策树→真实行车距离/作业均衡→硬约束终检→本次转运后钢包释放,input_complete:pass;ladle_state_repair_argon:pass;grade_age_weight_previous_grade:pass;crane_load_time_safety:pass;yellow_rule_score:warn.missing.ladle_state;crane_distance_and_workload:scored;ladle_reuse:immediate_release
DT0143D8::300945,DT0143D8,300945,decision_tree,已分配,ST09,4170,0,TRUE,,规则决策树→真实行车距离/作业均衡→硬约束终检→本次转运后钢包释放,input_complete:pass;ladle_state_repair_argon:pass;grade_age_weight_previous_grade:pass;crane_load_time_safety:pass;yellow_rule_score:warn.missing.ladle_state;crane_distance_and_workload:scored;ladle_reuse:immediate_release
AN1541E1::300941,AN1541E1,300941,decision_tree,已分配,ST51,2170,0,TRUE,,规则决策树→真实行车距离/作业均衡→硬约束终检→本次转运后钢包释放,input_complete:pass;ladle_state_repair_argon:pass;grade_age_weight_previous_grade:pass;crane_load_time_safety:pass;yellow_rule_score:warn.missing.ladle_state.empty_ladle_weight_not_enforced;crane_distance_and_workload:scored;ladle_reuse:immediate_release
AN1541E5::300944,AN1541E5,300944,decision_tree,已分配,ST07,3520,0,TRUE,,规则决策树→真实行车距离/作业均衡→硬约束终检→本次转运后钢包释放,input_complete:pass;ladle_state_repair_argon:pass;grade_age_weight_previous_grade:pass;crane_load_time_safety:pass;yellow_rule_score:warn.missing.ladle_state;crane_distance_and_workload:scored;ladle_reuse:immediate_release
JU6814A6::301533,JU6814A6,301533,decision_tree,已分配,ST07,3520,0,TRUE,,规则决策树→真实行车距离/作业均衡→硬约束终检→本次转运后钢包释放,input_complete:pass;ladle_state_repair_argon:pass;grade_age_weight_previous_grade:pass;crane_load_time_safety:pass;yellow_rule_score:warn.missing.ladle_state;crane_distance_and_workload:scored;ladle_reuse:immediate_release
GR4152E2::300942,GR4152E2,300942,decision_tree,已分配,ST51,1170,0,TRUE,,规则决策树→真实行车距离/作业均衡→硬约束终检→本次转运后钢包释放,input_complete:pass;ladle_state_repair_argon:pass;grade_age_weight_previous_grade:pass;crane_load_time_safety:pass;yellow_rule_score:warn.missing.ladle_state.empty_ladle_weight_not_enforced;crane_distance_and_workload:scored;ladle_reuse:immediate_release
JU6310E7::300943,JU6310E7,300943,decision_tree,已分配,ST08,1520,0,TRUE,,规则决策树→真实行车距离/作业均衡→硬约束终检→本次转运后钢包释放,input_complete:pass;ladle_state_repair_argon:pass;grade_age_weight_previous_grade:pass;crane_load_time_safety:pass;yellow_rule_score:warn.missing.ladle_state;crane_distance_and_workload:scored;ladle_reuse:immediate_release
AN1541E5::300930,AN1541E5,300930,decision_tree,已分配,ST07,3170,0,TRUE,,规则决策树→真实行车距离/作业均衡→硬约束终检→本次转运后钢包释放,input_complete:pass;ladle_state_repair_argon:pass;grade_age_weight_previous_grade:pass;crane_load_time_safety:pass;yellow_rule_score:warn.missing.ladle_state;crane_distance_and_workload:scored;ladle_reuse:immediate_release
GR4152E2::300946,GR4152E2,300946,decision_tree,已分配,ST15,2520,0,TRUE,,规则决策树→真实行车距离/作业均衡→硬约束终检→本次转运后钢包释放,input_complete:pass;ladle_state_repair_argon:pass;grade_age_weight_previous_grade:pass;crane_load_time_safety:pass;yellow_rule_score:warn.missing.ladle_state;crane_distance_and_workload:scored;ladle_reuse:immediate_release
JU6310E6::300947,JU6310E6,300947,decision_tree,已分配,ST07,3170,0,TRUE,,规则决策树→真实行车距离/作业均衡→硬约束终检→本次转运后钢包释放,input_complete:pass;ladle_state_repair_argon:pass;grade_age_weight_previous_grade:pass;crane_load_time_safety:pass;yellow_rule_score:warn.missing.ladle_state;crane_distance_and_workload:scored;ladle_reuse:immediate_release
DT0142D1::300933,DT0142D1,300933,decision_tree,已分配,ST15,2520,0,TRUE,,规则决策树→真实行车距离/作业均衡→硬约束终检→本次转运后钢包释放,input_complete:pass;ladle_state_repair_argon:pass;grade_age_weight_previous_grade:pass;crane_load_time_safety:pass;yellow_rule_score:warn.missing.ladle_state;crane_distance_and_workload:scored;ladle_reuse:immediate_release
AN1541E5::300938,AN1541E5,300938,decision_tree,已分配,ST07,3170,0,TRUE,,规则决策树→真实行车距离/作业均衡→硬约束终检→本次转运后钢包释放,input_complete:pass;ladle_state_repair_argon:pass;grade_age_weight_previous_grade:pass;crane_load_time_safety:pass;yellow_rule_score:warn.missing.ladle_state;crane_distance_and_workload:scored;ladle_reuse:immediate_release
GR4152E2::300939,GR4152E2,300939,decision_tree,已分配,ST15,2520,0,TRUE,,规则决策树→真实行车距离/作业均衡→硬约束终检→本次转运后钢包释放,input_complete:pass;ladle_state_repair_argon:pass;grade_age_weight_previous_grade:pass;crane_load_time_safety:pass;yellow_rule_score:warn.missing.ladle_state;crane_distance_and_workload:scored;ladle_reuse:immediate_release
DT0142D1::300940,DT0142D1,300940,decision_tree,已分配,ST36,2500,0,TRUE,,规则决策树→真实行车距离/作业均衡→硬约束终检→本次转运后钢包释放,input_complete:pass;ladle_state_repair_argon:pass;grade_age_weight_previous_grade:pass;crane_load_time_safety:pass;yellow_rule_score:warn.missing.ladle_state;crane_distance_and_workload:scored;ladle_reuse:immediate_release
IL6CW2P1::300956,IL6CW2P1,300956,decision_tree,已分配,ST08,1520,0,FALSE,,规则决策树→真实行车距离/作业均衡→硬约束终检→本次转运后钢包释放,input_complete:pass;ladle_state_repair_argon:pass;grade_age_weight_previous_grade:pass;crane_load_time_safety:pass;yellow_rule_score:warn.grade_not_enforced.missing.ladle_state;crane_distance_and_workload:scored;ladle_reuse:immediate_release
DT0145D1::300957,DT0145D1,300957,decision_tree,已分配,ST36,2500,0,TRUE,,规则决策树→真实行车距离/作业均衡→硬约束终检→本次转运后钢包释放,input_complete:pass;ladle_state_repair_argon:pass;grade_age_weight_previous_grade:pass;crane_load_time_safety:pass;yellow_rule_score:warn.missing.ladle_state;crane_distance_and_workload:scored;ladle_reuse:immediate_release
DQ2091E2::300960,DQ2091E2,300960,decision_tree,已分配,ST15,2520,0,FALSE,,规则决策树→真实行车距离/作业均衡→硬约束终检→本次转运后钢包释放,input_complete:pass;ladle_state_repair_argon:pass;grade_age_weight_previous_grade:pass;crane_load_time_safety:pass;yellow_rule_score:warn.grade_not_enforced.missing.ladle_state;crane_distance_and_workload:scored;ladle_reuse:immediate_release
AN1541E2::300961,AN1541E2,300961,decision_tree,已分配,ST09,3170,0,TRUE,,规则决策树→真实行车距离/作业均衡→硬约束终检→本次转运后钢包释放,input_complete:pass;ladle_state_repair_argon:pass;grade_age_weight_previous_grade:pass;crane_load_time_safety:pass;yellow_rule_score:warn.missing.ladle_state;crane_distance_and_workload:scored;ladle_reuse:immediate_release
DT0142D1::300962,DT0142D1,300962,decision_tree,已分配,ST51,2170,0,TRUE,,规则决策树→真实行车距离/作业均衡→硬约束终检→本次转运后钢包释放,input_complete:pass;ladle_state_repair_argon:pass;grade_age_weight_previous_grade:pass;crane_load_time_safety:pass;yellow_rule_score:warn.missing.ladle_state.empty_ladle_weight_not_enforced;crane_distance_and_workload:scored;ladle_reuse:immediate_release
IL6CW2P1::300963,IL6CW2P1,300963,decision_tree,已分配,ST51,1170,0,FALSE,,规则决策树→真实行车距离/作业均衡→硬约束终检→本次转运后钢包释放,input_complete:pass;ladle_state_repair_argon:pass;grade_age_weight_previous_grade:pass;crane_load_time_safety:pass;yellow_rule_score:warn.grade_not_enforced.missing.ladle_state.empty_ladle_weight_not_enforced;crane_distance_and_workload:scored;ladle_reuse:immediate_release
AP0961E1::300964,AP0961E1,300964,decision_tree,已分配,ST07,4170,0,TRUE,,规则决策树→真实行车距离/作业均衡→硬约束终检→本次转运后钢包释放,input_complete:pass;ladle_state_repair_argon:pass;grade_age_weight_previous_grade:pass;crane_load_time_safety:pass;yellow_rule_score:warn.missing.ladle_state;crane_distance_and_workload:scored;ladle_reuse:immediate_release
DT0143D2::300980,DT0143D2,300980,decision_tree,已分配,ST08,1520,0,TRUE,,规则决策树→真实行车距离/作业均衡→硬约束终检→本次转运后钢包释放,input_complete:pass;ladle_state_repair_argon:pass;grade_age_weight_previous_grade:pass;crane_load_time_safety:pass;yellow_rule_score:warn.missing.ladle_state;crane_distance_and_workload:scored;ladle_reuse:immediate_release
AN1541E2::300973,AN1541E2,300973,decision_tree,已分配,ST15,2520,0,TRUE,,规则决策树→真实行车距离/作业均衡→硬约束终检→本次转运后钢包释放,input_complete:pass;ladle_state_repair_argon:pass;grade_age_weight_previous_grade:pass;crane_load_time_safety:pass;yellow_rule_score:warn.missing.ladle_state;crane_distance_and_workload:scored;ladle_reuse:immediate_release
AQ1060H5::300981,AQ1060H5,300981,decision_tree,已分配,ST07,4170,0,TRUE,,规则决策树→真实行车距离/作业均衡→硬约束终检→本次转运后钢包释放,input_complete:pass;ladle_state_repair_argon:pass;grade_age_weight_previous_grade:pass;crane_load_time_safety:pass;yellow_rule_score:warn.missing.ladle_state;crane_distance_and_workload:scored;ladle_reuse:immediate_release
AP0961E1::300982,AP0961E1,300982,decision_tree,已分配,ST07,3520,0,TRUE,,规则决策树→真实行车距离/作业均衡→硬约束终检→本次转运后钢包释放,input_complete:pass;ladle_state_repair_argon:pass;grade_age_weight_previous_grade:pass;crane_load_time_safety:pass;yellow_rule_score:warn.missing.ladle_state;crane_distance_and_workload:scored;ladle_reuse:immediate_release
AN1541E2::300983,AN1541E2,300983,decision_tree,已分配,ST51,2170,0,TRUE,,规则决策树→真实行车距离/作业均衡→硬约束终检→本次转运后钢包释放,input_complete:pass;ladle_state_repair_argon:pass;grade_age_weight_previous_grade:pass;crane_load_time_safety:pass;yellow_rule_score:warn.missing.ladle_state.empty_ladle_weight_not_enforced;crane_distance_and_workload:scored;ladle_reuse:immediate_release
DQ2091E2::300965,DQ2091E2,300965,decision_tree,已分配,ST36,2500,0,FALSE,,规则决策树→真实行车距离/作业均衡→硬约束终检→本次转运后钢包释放,input_complete:pass;ladle_state_repair_argon:pass;grade_age_weight_previous_grade:pass;crane_load_time_safety:pass;yellow_rule_score:warn.grade_not_enforced.missing.ladle_state;crane_distance_and_workload:scored;ladle_reuse:immediate_release
DT0142D1::300984,DT0142D1,300984,decision_tree,已分配,ST51,1170,0,TRUE,,规则决策树→真实行车距离/作业均衡→硬约束终检→本次转运后钢包释放,input_complete:pass;ladle_state_repair_argon:pass;grade_age_weight_previous_grade:pass;crane_load_time_safety:pass;yellow_rule_score:warn.missing.ladle_state.empty_ladle_weight_not_enforced;crane_distance_and_workload:scored;ladle_reuse:immediate_release
AN1541E2::300967,AN1541E2,300967,decision_tree,已分配,ST09,3520,0,TRUE,,规则决策树→真实行车距离/作业均衡→硬约束终检→本次转运后钢包释放,input_complete:pass;ladle_state_repair_argon:pass;grade_age_weight_previous_grade:pass;crane_load_time_safety:pass;yellow_rule_score:warn.missing.ladle_state;crane_distance_and_workload:scored;ladle_reuse:immediate_release
IL6CW2P1::300951,IL6CW2P1,300951,decision_tree,已分配,ST09,4170,0,FALSE,,规则决策树→真实行车距离/作业均衡→硬约束终检→本次转运后钢包释放,input_complete:pass;ladle_state_repair_argon:pass;grade_age_weight_previous_grade:pass;crane_load_time_safety:pass;yellow_rule_score:warn.grade_not_enforced.missing.ladle_state;crane_distance_and_workload:scored;ladle_reuse:immediate_release
AQ1060H5::300985,AQ1060H5,300985,decision_tree,已分配,ST07,3170,0,TRUE,,规则决策树→真实行车距离/作业均衡→硬约束终检→本次转运后钢包释放,input_complete:pass;ladle_state_repair_argon:pass;grade_age_weight_previous_grade:pass;crane_load_time_safety:pass;yellow_rule_score:warn.missing.ladle_state;crane_distance_and_workload:scored;ladle_reuse:immediate_release
DT0145D1::300953,DT0145D1,300953,decision_tree,已分配,ST09,3520,0,TRUE,,规则决策树→真实行车距离/作业均衡→硬约束终检→本次转运后钢包释放,input_complete:pass;ladle_state_repair_argon:pass;grade_age_weight_previous_grade:pass;crane_load_time_safety:pass;yellow_rule_score:warn.missing.ladle_state;crane_distance_and_workload:scored;ladle_reuse:immediate_release
IL6CW2P1::300954,IL6CW2P1,300954,decision_tree,已分配,ST51,1170,0,FALSE,,规则决策树→真实行车距离/作业均衡→硬约束终检→本次转运后钢包释放,input_complete:pass;ladle_state_repair_argon:pass;grade_age_weight_previous_grade:pass;crane_load_time_safety:pass;yellow_rule_score:warn.grade_not_enforced.missing.ladle_state.empty_ladle_weight_not_enforced;crane_distance_and_workload:scored;ladle_reuse:immediate_release
AR4143E5::300955,AR4143E5,300955,decision_tree,已分配,ST51,2170,0,TRUE,,规则决策树→真实行车距离/作业均衡→硬约束终检→本次转运后钢包释放,input_complete:pass;ladle_state_repair_argon:pass;grade_age_weight_previous_grade:pass;crane_load_time_safety:pass;yellow_rule_score:warn.missing.ladle_state.empty_ladle_weight_not_enforced;crane_distance_and_workload:scored;ladle_reuse:immediate_release
DT0143D8::300974,DT0143D8,300974,decision_tree,已分配,ST36,2500,0,TRUE,,规则决策树→真实行车距离/作业均衡→硬约束终检→本次转运后钢包释放,input_complete:pass;ladle_state_repair_argon:pass;grade_age_weight_previous_grade:pass;crane_load_time_safety:pass;yellow_rule_score:warn.missing.ladle_state;crane_distance_and_workload:scored;ladle_reuse:immediate_release
GR4152E2::300952,GR4152E2,300952,decision_tree,已分配,ST15,2520,0,TRUE,,规则决策树→真实行车距离/作业均衡→硬约束终检→本次转运后钢包释放,input_complete:pass;ladle_state_repair_argon:pass;grade_age_weight_previous_grade:pass;crane_load_time_safety:pass;yellow_rule_score:warn.missing.ladle_state;crane_distance_and_workload:scored;ladle_reuse:immediate_release
DT0143D8::300966,DT0143D8,300966,decision_tree,已分配,ST08,1520,0,TRUE,,规则决策树→真实行车距离/作业均衡→硬约束终检→本次转运后钢包释放,input_complete:pass;ladle_state_repair_argon:pass;grade_age_weight_previous_grade:pass;crane_load_time_safety:pass;yellow_rule_score:warn.missing.ladle_state;crane_distance_and_workload:scored;ladle_reuse:immediate_release
AP0961E1::300968,AP0961E1,300968,decision_tree,已分配,ST07,3170,0,TRUE,,规则决策树→真实行车距离/作业均衡→硬约束终检→本次转运后钢包释放,input_complete:pass;ladle_state_repair_argon:pass;grade_age_weight_previous_grade:pass;crane_load_time_safety:pass;yellow_rule_score:warn.missing.ladle_state;crane_distance_and_workload:scored;ladle_reuse:immediate_release
DQ2091E2::300958,DQ2091E2,300958,decision_tree,已分配,ST09,4170,0,FALSE,,规则决策树→真实行车距离/作业均衡→硬约束终检→本次转运后钢包释放,input_complete:pass;ladle_state_repair_argon:pass;grade_age_weight_previous_grade:pass;crane_load_time_safety:pass;yellow_rule_score:warn.grade_not_enforced.missing.ladle_state;crane_distance_and_workload:scored;ladle_reuse:immediate_release
IL6CW2P1::300959,IL6CW2P1,300959,decision_tree,已分配,ST09,3520,0,FALSE,,规则决策树→真实行车距离/作业均衡→硬约束终检→本次转运后钢包释放,input_complete:pass;ladle_state_repair_argon:pass;grade_age_weight_previous_grade:pass;crane_load_time_safety:pass;yellow_rule_score:warn.grade_not_enforced.missing.ladle_state;crane_distance_and_workload:scored;ladle_reuse:immediate_release
DQ2091E1::300969,DQ2091E1,300969,decision_tree,已分配,ST51,2170,0,FALSE,,规则决策树→真实行车距离/作业均衡→硬约束终检→本次转运后钢包释放,input_complete:pass;ladle_state_repair_argon:pass;grade_age_weight_previous_grade:pass;crane_load_time_safety:pass;yellow_rule_score:warn.grade_not_enforced.missing.ladle_state.empty_ladle_weight_not_enforced;crane_distance_and_workload:scored;ladle_reuse:immediate_release
DT0143D8::300970,DT0143D8,300970,decision_tree,已分配,ST51,1170,0,TRUE,,规则决策树→真实行车距离/作业均衡→硬约束终检→本次转运后钢包释放,input_complete:pass;ladle_state_repair_argon:pass;grade_age_weight_previous_grade:pass;crane_load_time_safety:pass;yellow_rule_score:warn.missing.ladle_state.empty_ladle_weight_not_enforced;crane_distance_and_workload:scored;ladle_reuse:immediate_release
AQ1060H5::300971,AQ1060H5,300971,decision_tree,已分配,ST07,4170,0,TRUE,,规则决策树→真实行车距离/作业均衡→硬约束终检→本次转运后钢包释放,input_complete:pass;ladle_state_repair_argon:pass;grade_age_weight_previous_grade:pass;crane_load_time_safety:pass;yellow_rule_score:warn.missing.ladle_state;crane_distance_and_workload:scored;ladle_reuse:immediate_release
AP0961E1::300972,AP0961E1,300972,decision_tree,已分配,ST07,3520,0,TRUE,,规则决策树→真实行车距离/作业均衡→硬约束终检→本次转运后钢包释放,input_complete:pass;ladle_state_repair_argon:pass;grade_age_weight_previous_grade:pass;crane_load_time_safety:pass;yellow_rule_score:warn.missing.ladle_state;crane_distance_and_workload:scored;ladle_reuse:immediate_release
AQ1060H5::300986,AQ1060H5,300986,decision_tree,已分配,ST07,4170,0,TRUE,,规则决策树→真实行车距离/作业均衡→硬约束终检→本次转运后钢包释放,input_complete:pass;ladle_state_repair_argon:pass;grade_age_weight_previous_grade:pass;crane_load_time_safety:pass;yellow_rule_score:warn.missing.ladle_state;crane_distance_and_workload:scored;ladle_reuse:immediate_release
IW9226E4::300987,IW9226E4,300987,decision_tree,已分配,ST15,2520,0,TRUE,,规则决策树→真实行车距离/作业均衡→硬约束终检→本次转运后钢包释放,input_complete:pass;ladle_state_repair_argon:pass;grade_age_weight_previous_grade:pass;crane_load_time_safety:pass;yellow_rule_score:warn.missing.ladle_state;crane_distance_and_workload:scored;ladle_reuse:immediate_release
AQ1060H5::300975,AQ1060H5,300975,decision_tree,已分配,ST07,3170,0,TRUE,,规则决策树→真实行车距离/作业均衡→硬约束终检→本次转运后钢包释放,input_complete:pass;ladle_state_repair_argon:pass;grade_age_weight_previous_grade:pass;crane_load_time_safety:pass;yellow_rule_score:warn.missing.ladle_state;crane_distance_and_workload:scored;ladle_reuse:immediate_release
AP0961E1::300976,AP0961E1,300976,decision_tree,已分配,ST07,4170,0,TRUE,,规则决策树→真实行车距离/作业均衡→硬约束终检→本次转运后钢包释放,input_complete:pass;ladle_state_repair_argon:pass;grade_age_weight_previous_grade:pass;crane_load_time_safety:pass;yellow_rule_score:warn.missing.ladle_state;crane_distance_and_workload:scored;ladle_reuse:immediate_release
AP1551H5::300977,AP1551H5,300977,decision_tree,已分配,ST07,3520,0,TRUE,,规则决策树→真实行车距离/作业均衡→硬约束终检→本次转运后钢包释放,input_complete:pass;ladle_state_repair_argon:pass;grade_age_weight_previous_grade:pass;crane_load_time_safety:pass;yellow_rule_score:warn.missing.ladle_state;crane_distance_and_workload:scored;ladle_reuse:immediate_release
AP0961E1::300978,AP0961E1,300978,decision_tree,已分配,ST07,3170,0,TRUE,,规则决策树→真实行车距离/作业均衡→硬约束终检→本次转运后钢包释放,input_complete:pass;ladle_state_repair_argon:pass;grade_age_weight_previous_grade:pass;crane_load_time_safety:pass;yellow_rule_score:warn.missing.ladle_state;crane_distance_and_workload:scored;ladle_reuse:immediate_release
IW9422E8::301003,IW9422E8,301003,decision_tree,已分配,ST08,1520,0,TRUE,,规则决策树→真实行车距离/作业均衡→硬约束终检→本次转运后钢包释放,input_complete:pass;ladle_state_repair_argon:pass;grade_age_weight_previous_grade:pass;crane_load_time_safety:pass;yellow_rule_score:warn.missing.ladle_state;crane_distance_and_workload:scored;ladle_reuse:immediate_release
JU7P2EP6::301005,JU7P2EP6,301005,decision_tree,已分配,ST36,2500,0,FALSE,,规则决策树→真实行车距离/作业均衡→硬约束终检→本次转运后钢包释放,input_complete:pass;ladle_state_repair_argon:pass;grade_age_weight_previous_grade:pass;crane_load_time_safety:pass;yellow_rule_score:warn.grade_not_enforced.missing.ladle_state;crane_distance_and_workload:scored;ladle_reuse:immediate_release
AR4221E5::301006,AR4221E5,301006,decision_tree,已分配,ST36,2500,0,TRUE,,规则决策树→真实行车距离/作业均衡→硬约束终检→本次转运后钢包释放,input_complete:pass;ladle_state_repair_argon:pass;grade_age_weight_previous_grade:pass;crane_load_time_safety:pass;yellow_rule_score:warn.missing.ladle_state;crane_distance_and_workload:scored;ladle_reuse:immediate_release
JU7P2EP6::301007,JU7P2EP6,301007,decision_tree,已分配,ST08,1520,0,FALSE,,规则决策树→真实行车距离/作业均衡→硬约束终检→本次转运后钢包释放,input_complete:pass;ladle_state_repair_argon:pass;grade_age_weight_previous_grade:pass;crane_load_time_safety:pass;yellow_rule_score:warn.grade_not_enforced.missing.ladle_state;crane_distance_and_workload:scored;ladle_reuse:immediate_release
DT0142D1::301008,DT0142D1,301008,decision_tree,已分配,ST51,1170,0,TRUE,,规则决策树→真实行车距离/作业均衡→硬约束终检→本次转运后钢包释放,input_complete:pass;ladle_state_repair_argon:pass;grade_age_weight_previous_grade:pass;crane_load_time_safety:pass;yellow_rule_score:warn.missing.ladle_state.empty_ladle_weight_not_enforced;crane_distance_and_workload:scored;ladle_reuse:immediate_release
IW9422E8::301009,IW9422E8,301009,decision_tree,已分配,ST15,2520,0,TRUE,,规则决策树→真实行车距离/作业均衡→硬约束终检→本次转运后钢包释放,input_complete:pass;ladle_state_repair_argon:pass;grade_age_weight_previous_grade:pass;crane_load_time_safety:pass;yellow_rule_score:warn.missing.ladle_state;crane_distance_and_workload:scored;ladle_reuse:immediate_release
GT5541E1::301010,GT5541E1,301010,decision_tree,已分配,ST08,1520,0,TRUE,,规则决策树→真实行车距离/作业均衡→硬约束终检→本次转运后钢包释放,input_complete:pass;ladle_state_repair_argon:pass;grade_age_weight_previous_grade:pass;crane_load_time_safety:pass;yellow_rule_score:warn.missing.ladle_state;crane_distance_and_workload:scored;ladle_reuse:immediate_release
JU7P2EP6::301011,JU7P2EP6,301011,decision_tree,已分配,ST36,2500,0,FALSE,,规则决策树→真实行车距离/作业均衡→硬约束终检→本次转运后钢包释放,input_complete:pass;ladle_state_repair_argon:pass;grade_age_weight_previous_grade:pass;crane_load_time_safety:pass;yellow_rule_score:warn.grade_not_enforced.missing.ladle_state;crane_distance_and_workload:scored;ladle_reuse:immediate_release
DT0142D1::301012,DT0142D1,301012,decision_tree,已分配,ST51,2170,0,TRUE,,规则决策树→真实行车距离/作业均衡→硬约束终检→本次转运后钢包释放,input_complete:pass;ladle_state_repair_argon:pass;grade_age_weight_previous_grade:pass;crane_load_time_safety:pass;yellow_rule_score:warn.missing.ladle_state.empty_ladle_weight_not_enforced;crane_distance_and_workload:scored;ladle_reuse:immediate_release
IW9422E5::301013,IW9422E5,301013,decision_tree,已分配,ST51,1170,0,TRUE,,规则决策树→真实行车距离/作业均衡→硬约束终检→本次转运后钢包释放,input_complete:pass;ladle_state_repair_argon:pass;grade_age_weight_previous_grade:pass;crane_load_time_safety:pass;yellow_rule_score:warn.missing.ladle_state.empty_ladle_weight_not_enforced;crane_distance_and_workload:scored;ladle_reuse:immediate_release
GT5541E1::301014,GT5541E1,301014,decision_tree,已分配,ST15,2520,0,TRUE,,规则决策树→真实行车距离/作业均衡→硬约束终检→本次转运后钢包释放,input_complete:pass;ladle_state_repair_argon:pass;grade_age_weight_previous_grade:pass;crane_load_time_safety:pass;yellow_rule_score:warn.missing.ladle_state;crane_distance_and_workload:scored;ladle_reuse:immediate_release
AT5441E1::301016,AT5441E1,301016,decision_tree,已分配,ST07,3170,0,TRUE,,规则决策树→真实行车距离/作业均衡→硬约束终检→本次转运后钢包释放,input_complete:pass;ladle_state_repair_argon:pass;grade_age_weight_previous_grade:pass;crane_load_time_safety:pass;yellow_rule_score:warn.missing.ladle_state;crane_distance_and_workload:scored;ladle_reuse:immediate_release
DT0142D1::301017,DT0142D1,301017,decision_tree,已分配,ST51,2170,0,TRUE,,规则决策树→真实行车距离/作业均衡→硬约束终检→本次转运后钢包释放,input_complete:pass;ladle_state_repair_argon:pass;grade_age_weight_previous_grade:pass;crane_load_time_safety:pass;yellow_rule_score:warn.missing.ladle_state.empty_ladle_weight_not_enforced;crane_distance_and_workload:scored;ladle_reuse:immediate_release
DT0142D1::300988,DT0142D1,300988,decision_tree,已分配,ST36,2500,0,TRUE,,规则决策树→真实行车距离/作业均衡→硬约束终检→本次转运后钢包释放,input_complete:pass;ladle_state_repair_argon:pass;grade_age_weight_previous_grade:pass;crane_load_time_safety:pass;yellow_rule_score:warn.missing.ladle_state;crane_distance_and_workload:scored;ladle_reuse:immediate_release
JU7P2EP6::300989,JU7P2EP6,300989,decision_tree,已分配,ST36,2500,0,FALSE,,规则决策树→真实行车距离/作业均衡→硬约束终检→本次转运后钢包释放,input_complete:pass;ladle_state_repair_argon:pass;grade_age_weight_previous_grade:pass;crane_load_time_safety:pass;yellow_rule_score:warn.grade_not_enforced.missing.ladle_state;crane_distance_and_workload:scored;ladle_reuse:immediate_release
AQ1060H5::300990,AQ1060H5,300990,decision_tree,已分配,ST07,3520,0,TRUE,,规则决策树→真实行车距离/作业均衡→硬约束终检→本次转运后钢包释放,input_complete:pass;ladle_state_repair_argon:pass;grade_age_weight_previous_grade:pass;crane_load_time_safety:pass;yellow_rule_score:warn.missing.ladle_state;crane_distance_and_workload:scored;ladle_reuse:immediate_release
IW9226E4::300991,IW9226E4,300991,decision_tree,已分配,ST08,1520,0,TRUE,,规则决策树→真实行车距离/作业均衡→硬约束终检→本次转运后钢包释放,input_complete:pass;ladle_state_repair_argon:pass;grade_age_weight_previous_grade:pass;crane_load_time_safety:pass;yellow_rule_score:warn.missing.ladle_state;crane_distance_and_workload:scored;ladle_reuse:immediate_release
DT0142D1::300992,DT0142D1,300992,decision_tree,已分配,ST51,2170,0,TRUE,,规则决策树→真实行车距离/作业均衡→硬约束终检→本次转运后钢包释放,input_complete:pass;ladle_state_repair_argon:pass;grade_age_weight_previous_grade:pass;crane_load_time_safety:pass;yellow_rule_score:warn.missing.ladle_state.empty_ladle_weight_not_enforced;crane_distance_and_workload:scored;ladle_reuse:immediate_release
JU7P2EP6::300993,JU7P2EP6,300993,decision_tree,已分配,ST51,1170,0,FALSE,,规则决策树→真实行车距离/作业均衡→硬约束终检→本次转运后钢包释放,input_complete:pass;ladle_state_repair_argon:pass;grade_age_weight_previous_grade:pass;crane_load_time_safety:pass;yellow_rule_score:warn.grade_not_enforced.missing.ladle_state.empty_ladle_weight_not_enforced;crane_distance_and_workload:scored;ladle_reuse:immediate_release
AQ1060H5::300994,AQ1060H5,300994,decision_tree,已分配,ST07,3170,0,TRUE,,规则决策树→真实行车距离/作业均衡→硬约束终检→本次转运后钢包释放,input_complete:pass;ladle_state_repair_argon:pass;grade_age_weight_previous_grade:pass;crane_load_time_safety:pass;yellow_rule_score:warn.missing.ladle_state;crane_distance_and_workload:scored;ladle_reuse:immediate_release
IW9226E4::300995,IW9226E4,300995,decision_tree,已分配,ST15,2520,0,TRUE,,规则决策树→真实行车距离/作业均衡→硬约束终检→本次转运后钢包释放,input_complete:pass;ladle_state_repair_argon:pass;grade_age_weight_previous_grade:pass;crane_load_time_safety:pass;yellow_rule_score:warn.missing.ladle_state;crane_distance_and_workload:scored;ladle_reuse:immediate_release
DT3551D1::301534,DT3551D1,301534,decision_tree,已分配,ST15,2520,0,TRUE,,规则决策树→真实行车距离/作业均衡→硬约束终检→本次转运后钢包释放,input_complete:pass;ladle_state_repair_argon:pass;grade_age_weight_previous_grade:pass;crane_load_time_safety:pass;yellow_rule_score:warn.missing.ladle_state;crane_distance_and_workload:scored;ladle_reuse:immediate_release
AP0941D8::301535,AP0941D8,301535,decision_tree,已分配,ST08,1520,0,TRUE,,规则决策树→真实行车距离/作业均衡→硬约束终检→本次转运后钢包释放,input_complete:pass;ladle_state_repair_argon:pass;grade_age_weight_previous_grade:pass;crane_load_time_safety:pass;yellow_rule_score:warn.missing.ladle_state;crane_distance_and_workload:scored;ladle_reuse:immediate_release
AP1055E5::301536,AP1055E5,301536,decision_tree,已分配,ST36,2500,0,TRUE,,规则决策树→真实行车距离/作业均衡→硬约束终检→本次转运后钢包释放,input_complete:pass;ladle_state_repair_argon:pass;grade_age_weight_previous_grade:pass;crane_load_time_safety:pass;yellow_rule_score:warn.missing.ladle_state;crane_distance_and_workload:scored;ladle_reuse:immediate_release
JU6814A6::301537,JU6814A6,301537,decision_tree,已分配,ST07,4170,0,TRUE,,规则决策树→真实行车距离/作业均衡→硬约束终检→本次转运后钢包释放,input_complete:pass;ladle_state_repair_argon:pass;grade_age_weight_previous_grade:pass;crane_load_time_safety:pass;yellow_rule_score:warn.missing.ladle_state;crane_distance_and_workload:scored;ladle_reuse:immediate_release
AP1551H5::300996,AP1551H5,300996,decision_tree,已分配,ST07,4170,0,TRUE,,规则决策树→真实行车距离/作业均衡→硬约束终检→本次转运后钢包释放,input_complete:pass;ladle_state_repair_argon:pass;grade_age_weight_previous_grade:pass;crane_load_time_safety:pass;yellow_rule_score:warn.missing.ladle_state;crane_distance_and_workload:scored;ladle_reuse:immediate_release
DT0144D1::300997,DT0144D1,300997,decision_tree,已分配,ST51,1170,0,TRUE,,规则决策树→真实行车距离/作业均衡→硬约束终检→本次转运后钢包释放,input_complete:pass;ladle_state_repair_argon:pass;grade_age_weight_previous_grade:pass;crane_load_time_safety:pass;yellow_rule_score:warn.missing.ladle_state.empty_ladle_weight_not_enforced;crane_distance_and_workload:scored;ladle_reuse:immediate_release
JU7P2EP6::300998,JU7P2EP6,300998,decision_tree,已分配,ST15,2520,0,FALSE,,规则决策树→真实行车距离/作业均衡→硬约束终检→本次转运后钢包释放,input_complete:pass;ladle_state_repair_argon:pass;grade_age_weight_previous_grade:pass;crane_load_time_safety:pass;yellow_rule_score:warn.grade_not_enforced.missing.ladle_state;crane_distance_and_workload:scored;ladle_reuse:immediate_release
IW9321E7::300999,IW9321E7,300999,decision_tree,已分配,ST08,1520,0,TRUE,,规则决策树→真实行车距离/作业均衡→硬约束终检→本次转运后钢包释放,input_complete:pass;ladle_state_repair_argon:pass;grade_age_weight_previous_grade:pass;crane_load_time_safety:pass;yellow_rule_score:warn.missing.ladle_state;crane_distance_and_workload:scored;ladle_reuse:immediate_release
AP1551H5::301000,AP1551H5,301000,decision_tree,已分配,ST07,3520,0,TRUE,,规则决策树→真实行车距离/作业均衡→硬约束终检→本次转运后钢包释放,input_complete:pass;ladle_state_repair_argon:pass;grade_age_weight_previous_grade:pass;crane_load_time_safety:pass;yellow_rule_score:warn.missing.ladle_state;crane_distance_and_workload:scored;ladle_reuse:immediate_release
DT0145D1::301001,DT0145D1,301001,decision_tree,已分配,ST51,2170,0,TRUE,,规则决策树→真实行车距离/作业均衡→硬约束终检→本次转运后钢包释放,input_complete:pass;ladle_state_repair_argon:pass;grade_age_weight_previous_grade:pass;crane_load_time_safety:pass;yellow_rule_score:warn.missing.ladle_state.empty_ladle_weight_not_enforced;crane_distance_and_workload:scored;ladle_reuse:immediate_release
JU7P2EP6::301002,JU7P2EP6,301002,decision_tree,已分配,ST51,2170,0,FALSE,,规则决策树→真实行车距离/作业均衡→硬约束终检→本次转运后钢包释放,input_complete:pass;ladle_state_repair_argon:pass;grade_age_weight_previous_grade:pass;crane_load_time_safety:pass;yellow_rule_score:warn.grade_not_enforced.missing.ladle_state.empty_ladle_weight_not_enforced;crane_distance_and_workload:scored;ladle_reuse:immediate_release
DT0128D9::301542,DT0128D9,301542,decision_tree,已分配,ST51,2170,0,TRUE,,规则决策树→真实行车距离/作业均衡→硬约束终检→本次转运后钢包释放,input_complete:pass;ladle_state_repair_argon:pass;grade_age_weight_previous_grade:pass;crane_load_time_safety:pass;yellow_rule_score:warn.missing.ladle_state.empty_ladle_weight_not_enforced;crane_distance_and_workload:scored;ladle_reuse:immediate_release
AP1055E5::301543,AP1055E5,301543,decision_tree,已分配,ST08,1520,0,TRUE,,规则决策树→真实行车距离/作业均衡→硬约束终检→本次转运后钢包释放,input_complete:pass;ladle_state_repair_argon:pass;grade_age_weight_previous_grade:pass;crane_load_time_safety:pass;yellow_rule_score:warn.missing.ladle_state;crane_distance_and_workload:scored;ladle_reuse:immediate_release
AP0961E7::301018,AP0961E7,301018,decision_tree,已分配,ST51,1170,0,TRUE,,规则决策树→真实行车距离/作业均衡→硬约束终检→本次转运后钢包释放,input_complete:pass;ladle_state_repair_argon:pass;grade_age_weight_previous_grade:pass;crane_load_time_safety:pass;yellow_rule_score:warn.missing.ladle_state.empty_ladle_weight_not_enforced;crane_distance_and_workload:scored;ladle_reuse:immediate_release
AT5426A1::301019,AT5426A1,301019,decision_tree,已分配,ST07,4170,0,TRUE,,规则决策树→真实行车距离/作业均衡→硬约束终检→本次转运后钢包释放,input_complete:pass;ladle_state_repair_argon:pass;grade_age_weight_previous_grade:pass;crane_load_time_safety:pass;yellow_rule_score:warn.missing.ladle_state;crane_distance_and_workload:scored;ladle_reuse:immediate_release
DT0142D1::301020,DT0142D1,301020,decision_tree,已分配,ST15,2520,0,TRUE,,规则决策树→真实行车距离/作业均衡→硬约束终检→本次转运后钢包释放,input_complete:pass;ladle_state_repair_argon:pass;grade_age_weight_previous_grade:pass;crane_load_time_safety:pass;yellow_rule_score:warn.missing.ladle_state;crane_distance_and_workload:scored;ladle_reuse:immediate_release
AP0961E7::301021,AP0961E7,301021,decision_tree,已分配,ST09,3520,0,TRUE,,规则决策树→真实行车距离/作业均衡→硬约束终检→本次转运后钢包释放,input_complete:pass;ladle_state_repair_argon:pass;grade_age_weight_previous_grade:pass;crane_load_time_safety:pass;yellow_rule_score:warn.missing.ladle_state;crane_distance_and_workload:scored;ladle_reuse:immediate_release
AT3482D1::301022,AT3482D1,301022,decision_tree,已分配,ST07,3170,0,TRUE,,规则决策树→真实行车距离/作业均衡→硬约束终检→本次转运后钢包释放,input_complete:pass;ladle_state_repair_argon:pass;grade_age_weight_previous_grade:pass;crane_load_time_safety:pass;yellow_rule_score:warn.missing.ladle_state;crane_distance_and_workload:scored;ladle_reuse:immediate_release
AP0961E7::301023,AP0961E7,301023,decision_tree,已分配,ST08,1520,0,TRUE,,规则决策树→真实行车距离/作业均衡→硬约束终检→本次转运后钢包释放,input_complete:pass;ladle_state_repair_argon:pass;grade_age_weight_previous_grade:pass;crane_load_time_safety:pass;yellow_rule_score:warn.missing.ladle_state;crane_distance_and_workload:scored;ladle_reuse:immediate_release
EU6810A6::301024,EU6810A6,301024,decision_tree,已分配,ST51,1170,0,FALSE,,规则决策树→真实行车距离/作业均衡→硬约束终检→本次转运后钢包释放,input_complete:pass;ladle_state_repair_argon:pass;grade_age_weight_previous_grade:pass;crane_load_time_safety:pass;yellow_rule_score:warn.grade_not_enforced.missing.ladle_state.empty_ladle_weight_not_enforced;crane_distance_and_workload:scored;ladle_reuse:immediate_release
DT0142D1::301025,DT0142D1,301025,decision_tree,已分配,ST51,2170,0,TRUE,,规则决策树→真实行车距离/作业均衡→硬约束终检→本次转运后钢包释放,input_complete:pass;ladle_state_repair_argon:pass;grade_age_weight_previous_grade:pass;crane_load_time_safety:pass;yellow_rule_score:warn.missing.ladle_state.empty_ladle_weight_not_enforced;crane_distance_and_workload:scored;ladle_reuse:immediate_release
AT3482D1::301026,AT3482D1,301026,decision_tree,已分配,ST07,3520,0,TRUE,,规则决策树→真实行车距离/作业均衡→硬约束终检→本次转运后钢包释放,input_complete:pass;ladle_state_repair_argon:pass;grade_age_weight_previous_grade:pass;crane_load_time_safety:pass;yellow_rule_score:warn.missing.ladle_state;crane_distance_and_workload:scored;ladle_reuse:immediate_release
AP0961E7::301027,AP0961E7,301027,decision_tree,已分配,ST36,2500,0,TRUE,,规则决策树→真实行车距离/作业均衡→硬约束终检→本次转运后钢包释放,input_complete:pass;ladle_state_repair_argon:pass;grade_age_weight_previous_grade:pass;crane_load_time_safety:pass;yellow_rule_score:warn.missing.ladle_state;crane_distance_and_workload:scored;ladle_reuse:immediate_release
EU6810A6::301028,EU6810A6,301028,decision_tree,已分配,ST51,2170,0,FALSE,,规则决策树→真实行车距离/作业均衡→硬约束终检→本次转运后钢包释放,input_complete:pass;ladle_state_repair_argon:pass;grade_age_weight_previous_grade:pass;crane_load_time_safety:pass;yellow_rule_score:warn.grade_not_enforced.missing.ladle_state.empty_ladle_weight_not_enforced;crane_distance_and_workload:scored;ladle_reuse:immediate_release
AT3482D1::301029,AT3482D1,301029,decision_tree,已分配,ST07,4170,0,TRUE,,规则决策树→真实行车距离/作业均衡→硬约束终检→本次转运后钢包释放,input_complete:pass;ladle_state_repair_argon:pass;grade_age_weight_previous_grade:pass;crane_load_time_safety:pass;yellow_rule_score:warn.missing.ladle_state;crane_distance_and_workload:scored;ladle_reuse:immediate_release
AP0961E7::301030,AP0961E7,301030,decision_tree,已分配,ST08,1520,0,TRUE,,规则决策树→真实行车距离/作业均衡→硬约束终检→本次转运后钢包释放,input_complete:pass;ladle_state_repair_argon:pass;grade_age_weight_previous_grade:pass;crane_load_time_safety:pass;yellow_rule_score:warn.missing.ladle_state;crane_distance_and_workload:scored;ladle_reuse:immediate_release
EU6818A6::301031,EU6818A6,301031,decision_tree,已分配,ST07,3520,0,TRUE,,规则决策树→真实行车距离/作业均衡→硬约束终检→本次转运后钢包释放,input_complete:pass;ladle_state_repair_argon:pass;grade_age_weight_previous_grade:pass;crane_load_time_safety:pass;yellow_rule_score:warn.missing.ladle_state;crane_distance_and_workload:scored;ladle_reuse:immediate_release
DT0143D6::301032,DT0143D6,301032,decision_tree,已分配,ST15,2520,0,TRUE,,规则决策树→真实行车距离/作业均衡→硬约束终检→本次转运后钢包释放,input_complete:pass;ladle_state_repair_argon:pass;grade_age_weight_previous_grade:pass;crane_load_time_safety:pass;yellow_rule_score:warn.missing.ladle_state;crane_distance_and_workload:scored;ladle_reuse:immediate_release
AT3481D7::301033,AT3481D7,301033,decision_tree,已分配,ST09,3170,0,TRUE,,规则决策树→真实行车距离/作业均衡→硬约束终检→本次转运后钢包释放,input_complete:pass;ladle_state_repair_argon:pass;grade_age_weight_previous_grade:pass;crane_load_time_safety:pass;yellow_rule_score:warn.missing.ladle_state;crane_distance_and_workload:scored;ladle_reuse:immediate_release
AP0961E7::301034,AP0961E7,301034,decision_tree,已分配,ST51,1170,0,TRUE,,规则决策树→真实行车距离/作业均衡→硬约束终检→本次转运后钢包释放,input_complete:pass;ladle_state_repair_argon:pass;grade_age_weight_previous_grade:pass;crane_load_time_safety:pass;yellow_rule_score:warn.missing.ladle_state.empty_ladle_weight_not_enforced;crane_distance_and_workload:scored;ladle_reuse:immediate_release
EU6818A6::301035,EU6818A6,301035,decision_tree,已分配,ST07,3170,0,TRUE,,规则决策树→真实行车距离/作业均衡→硬约束终检→本次转运后钢包释放,input_complete:pass;ladle_state_repair_argon:pass;grade_age_weight_previous_grade:pass;crane_load_time_safety:pass;yellow_rule_score:warn.missing.ladle_state;crane_distance_and_workload:scored;ladle_reuse:immediate_release
AP1055E5::301538,AP1055E5,301538,decision_tree,已分配,ST51,2170,0,TRUE,,规则决策树→真实行车距离/作业均衡→硬约束终检→本次转运后钢包释放,input_complete:pass;ladle_state_repair_argon:pass;grade_age_weight_previous_grade:pass;crane_load_time_safety:pass;yellow_rule_score:warn.missing.ladle_state.empty_ladle_weight_not_enforced;crane_distance_and_workload:scored;ladle_reuse:immediate_release
DT0143D6::301036,DT0143D6,301036,decision_tree,已分配,ST36,2500,0,TRUE,,规则决策树→真实行车距离/作业均衡→硬约束终检→本次转运后钢包释放,input_complete:pass;ladle_state_repair_argon:pass;grade_age_weight_previous_grade:pass;crane_load_time_safety:pass;yellow_rule_score:warn.missing.ladle_state;crane_distance_and_workload:scored;ladle_reuse:immediate_release
JU7P2EP6::301037,JU7P2EP6,301037,decision_tree,已分配,ST51,2170,0,FALSE,,规则决策树→真实行车距离/作业均衡→硬约束终检→本次转运后钢包释放,input_complete:pass;ladle_state_repair_argon:pass;grade_age_weight_previous_grade:pass;crane_load_time_safety:pass;yellow_rule_score:warn.grade_not_enforced.missing.ladle_state.empty_ladle_weight_not_enforced;crane_distance_and_workload:scored;ladle_reuse:immediate_release
AQ2091E1::301038,AQ2091E1,301038,decision_tree,已分配,ST09,4170,0,FALSE,,规则决策树→真实行车距离/作业均衡→硬约束终检→本次转运后钢包释放,input_complete:pass;ladle_state_repair_argon:pass;grade_age_weight_previous_grade:pass;crane_load_time_safety:pass;yellow_rule_score:warn.grade_not_enforced.missing.ladle_state;crane_distance_and_workload:scored;ladle_reuse:immediate_release
JU7P2EP6::301039,JU7P2EP6,301039,decision_tree,已分配,ST09,3520,0,FALSE,,规则决策树→真实行车距离/作业均衡→硬约束终检→本次转运后钢包释放,input_complete:pass;ladle_state_repair_argon:pass;grade_age_weight_previous_grade:pass;crane_load_time_safety:pass;yellow_rule_score:warn.grade_not_enforced.missing.ladle_state;crane_distance_and_workload:scored;ladle_reuse:immediate_release
DT0142D1::301040,DT0142D1,301040,decision_tree,已分配,ST08,1520,0,TRUE,,规则决策树→真实行车距离/作业均衡→硬约束终检→本次转运后钢包释放,input_complete:pass;ladle_state_repair_argon:pass;grade_age_weight_previous_grade:pass;crane_load_time_safety:pass;yellow_rule_score:warn.missing.ladle_state;crane_distance_and_workload:scored;ladle_reuse:immediate_release
JU7P2EP6::301041,JU7P2EP6,301041,decision_tree,已分配,ST09,4170,0,FALSE,,规则决策树→真实行车距离/作业均衡→硬约束终检→本次转运后钢包释放,input_complete:pass;ladle_state_repair_argon:pass;grade_age_weight_previous_grade:pass;crane_load_time_safety:pass;yellow_rule_score:warn.grade_not_enforced.missing.ladle_state;crane_distance_and_workload:scored;ladle_reuse:immediate_release
AQ2091E1::301042,AQ2091E1,301042,decision_tree,已分配,ST15,2520,0,FALSE,,规则决策树→真实行车距离/作业均衡→硬约束终检→本次转运后钢包释放,input_complete:pass;ladle_state_repair_argon:pass;grade_age_weight_previous_grade:pass;crane_load_time_safety:pass;yellow_rule_score:warn.grade_not_enforced.missing.ladle_state;crane_distance_and_workload:scored;ladle_reuse:immediate_release
EU6810A3::301043,EU6810A3,301043,decision_tree,已分配,ST09,4170,0,TRUE,,规则决策树→真实行车距离/作业均衡→硬约束终检→本次转运后钢包释放,input_complete:pass;ladle_state_repair_argon:pass;grade_age_weight_previous_grade:pass;crane_load_time_safety:pass;yellow_rule_score:warn.missing.ladle_state;crane_distance_and_workload:scored;ladle_reuse:immediate_release
DT0128D9::301539,DT0128D9,301539,decision_tree,已分配,ST51,1170,0,TRUE,,规则决策树→真实行车距离/作业均衡→硬约束终检→本次转运后钢包释放,input_complete:pass;ladle_state_repair_argon:pass;grade_age_weight_previous_grade:pass;crane_load_time_safety:pass;yellow_rule_score:warn.missing.ladle_state.empty_ladle_weight_not_enforced;crane_distance_and_workload:scored;ladle_reuse:immediate_release
AP1055E5::301540,AP1055E5,301540,decision_tree,已分配,ST15,2520,0,TRUE,,规则决策树→真实行车距离/作业均衡→硬约束终检→本次转运后钢包释放,input_complete:pass;ladle_state_repair_argon:pass;grade_age_weight_previous_grade:pass;crane_load_time_safety:pass;yellow_rule_score:warn.missing.ladle_state;crane_distance_and_workload:scored;ladle_reuse:immediate_release
AQ2091E1::301050,AQ2091E1,301050,decision_tree,已分配,ST08,1520,0,FALSE,,规则决策树→真实行车距离/作业均衡→硬约束终检→本次转运后钢包释放,input_complete:pass;ladle_state_repair_argon:pass;grade_age_weight_previous_grade:pass;crane_load_time_safety:pass;yellow_rule_score:warn.grade_not_enforced.missing.ladle_state;crane_distance_and_workload:scored;ladle_reuse:immediate_release
AN1541E8::301051,AN1541E8,301051,decision_tree,已分配,ST09,3170,0,TRUE,,规则决策树→真实行车距离/作业均衡→硬约束终检→本次转运后钢包释放,input_complete:pass;ladle_state_repair_argon:pass;grade_age_weight_previous_grade:pass;crane_load_time_safety:pass;yellow_rule_score:warn.missing.ladle_state;crane_distance_and_workload:scored;ladle_reuse:immediate_release
EU6810A3::301053,EU6810A3,301053,decision_tree,已分配,ST08,1520,0,TRUE,,规则决策树→真实行车距离/作业均衡→硬约束终检→本次转运后钢包释放,input_complete:pass;ladle_state_repair_argon:pass;grade_age_weight_previous_grade:pass;crane_load_time_safety:pass;yellow_rule_score:warn.missing.ladle_state;crane_distance_and_workload:scored;ladle_reuse:immediate_release
GR4155E1::301054,GR4155E1,301054,decision_tree,已分配,ST36,2500,0,TRUE,,规则决策树→真实行车距离/作业均衡→硬约束终检→本次转运后钢包释放,input_complete:pass;ladle_state_repair_argon:pass;grade_age_weight_previous_grade:pass;crane_load_time_safety:pass;yellow_rule_score:warn.missing.ladle_state;crane_distance_and_workload:scored;ladle_reuse:immediate_release
IV9316A6::301055,IV9316A6,301055,decision_tree,已分配,ST08,1520,0,TRUE,,规则决策树→真实行车距离/作业均衡→硬约束终检→本次转运后钢包释放,input_complete:pass;ladle_state_repair_argon:pass;grade_age_weight_previous_grade:pass;crane_load_time_safety:pass;yellow_rule_score:warn.missing.ladle_state;crane_distance_and_workload:scored;ladle_reuse:immediate_release
DT0145D1::301056,DT0145D1,301056,decision_tree,已分配,ST09,3520,0,TRUE,,规则决策树→真实行车距离/作业均衡→硬约束终检→本次转运后钢包释放,input_complete:pass;ladle_state_repair_argon:pass;grade_age_weight_previous_grade:pass;crane_load_time_safety:pass;yellow_rule_score:warn.missing.ladle_state;crane_distance_and_workload:scored;ladle_reuse:immediate_release
AP0961E7::301057,AP0961E7,301057,decision_tree,已分配,ST51,2170,0,TRUE,,规则决策树→真实行车距离/作业均衡→硬约束终检→本次转运后钢包释放,input_complete:pass;ladle_state_repair_argon:pass;grade_age_weight_previous_grade:pass;crane_load_time_safety:pass;yellow_rule_score:warn.missing.ladle_state.empty_ladle_weight_not_enforced;crane_distance_and_workload:scored;ladle_reuse:immediate_release
AT4424A1::301058,AT4424A1,301058,decision_tree,已分配,ST07,3170,0,TRUE,,规则决策树→真实行车距离/作业均衡→硬约束终检→本次转运后钢包释放,input_complete:pass;ladle_state_repair_argon:pass;grade_age_weight_previous_grade:pass;crane_load_time_safety:pass;yellow_rule_score:warn.missing.ladle_state;crane_distance_and_workload:scored;ladle_reuse:immediate_release
AP0961E7::301059,AP0961E7,301059,decision_tree,已分配,ST15,2520,0,TRUE,,规则决策树→真实行车距离/作业均衡→硬约束终检→本次转运后钢包释放,input_complete:pass;ladle_state_repair_argon:pass;grade_age_weight_previous_grade:pass;crane_load_time_safety:pass;yellow_rule_score:warn.missing.ladle_state;crane_distance_and_workload:scored;ladle_reuse:immediate_release
IV9316A6::301060,IV9316A6,301060,decision_tree,已分配,ST51,2170,0,TRUE,,规则决策树→真实行车距离/作业均衡→硬约束终检→本次转运后钢包释放,input_complete:pass;ladle_state_repair_argon:pass;grade_age_weight_previous_grade:pass;crane_load_time_safety:pass;yellow_rule_score:warn.missing.ladle_state.empty_ladle_weight_not_enforced;crane_distance_and_workload:scored;ladle_reuse:immediate_release
AP0961E7::301063,AP0961E7,301063,decision_tree,已分配,ST36,2500,0,TRUE,,规则决策树→真实行车距离/作业均衡→硬约束终检→本次转运后钢包释放,input_complete:pass;ladle_state_repair_argon:pass;grade_age_weight_previous_grade:pass;crane_load_time_safety:pass;yellow_rule_score:warn.missing.ladle_state;crane_distance_and_workload:scored;ladle_reuse:immediate_release
IV9316A6::301064,IV9316A6,301064,decision_tree,已分配,ST36,2500,0,TRUE,,规则决策树→真实行车距离/作业均衡→硬约束终检→本次转运后钢包释放,input_complete:pass;ladle_state_repair_argon:pass;grade_age_weight_previous_grade:pass;crane_load_time_safety:pass;yellow_rule_score:warn.missing.ladle_state;crane_distance_and_workload:scored;ladle_reuse:immediate_release
AT4436A1::301065,AT4436A1,301065,decision_tree,已分配,ST07,3170,0,TRUE,,规则决策树→真实行车距离/作业均衡→硬约束终检→本次转运后钢包释放,input_complete:pass;ladle_state_repair_argon:pass;grade_age_weight_previous_grade:pass;crane_load_time_safety:pass;yellow_rule_score:warn.missing.ladle_state;crane_distance_and_workload:scored;ladle_reuse:immediate_release
DT0142D1::301066,DT0142D1,301066,decision_tree,已分配,ST09,4170,0,TRUE,,规则决策树→真实行车距离/作业均衡→硬约束终检→本次转运后钢包释放,input_complete:pass;ladle_state_repair_argon:pass;grade_age_weight_previous_grade:pass;crane_load_time_safety:pass;yellow_rule_score:warn.missing.ladle_state;crane_distance_and_workload:scored;ladle_reuse:immediate_release
AP0961E7::301067,AP0961E7,301067,decision_tree,已分配,ST09,3520,0,TRUE,,规则决策树→真实行车距离/作业均衡→硬约束终检→本次转运后钢包释放,input_complete:pass;ladle_state_repair_argon:pass;grade_age_weight_previous_grade:pass;crane_load_time_safety:pass;yellow_rule_score:warn.missing.ladle_state;crane_distance_and_workload:scored;ladle_reuse:immediate_release
IV9316A6::301068,IV9316A6,301068,decision_tree,已分配,ST51,2170,0,TRUE,,规则决策树→真实行车距离/作业均衡→硬约束终检→本次转运后钢包释放,input_complete:pass;ladle_state_repair_argon:pass;grade_age_weight_previous_grade:pass;crane_load_time_safety:pass;yellow_rule_score:warn.missing.ladle_state.empty_ladle_weight_not_enforced;crane_distance_and_workload:scored;ladle_reuse:immediate_release
DT0142D1::301069,DT0142D1,301069,decision_tree,已分配,ST51,1170,0,TRUE,,规则决策树→真实行车距离/作业均衡→硬约束终检→本次转运后钢包释放,input_complete:pass;ladle_state_repair_argon:pass;grade_age_weight_previous_grade:pass;crane_load_time_safety:pass;yellow_rule_score:warn.missing.ladle_state.empty_ladle_weight_not_enforced;crane_distance_and_workload:scored;ladle_reuse:immediate_release
AT4436A1::301070,AT4436A1,301070,decision_tree,已分配,ST07,4170,0,TRUE,,规则决策树→真实行车距离/作业均衡→硬约束终检→本次转运后钢包释放,input_complete:pass;ladle_state_repair_argon:pass;grade_age_weight_previous_grade:pass;crane_load_time_safety:pass;yellow_rule_score:warn.missing.ladle_state;crane_distance_and_workload:scored;ladle_reuse:immediate_release
AP0961E7::301071,AP0961E7,301071,decision_tree,已分配,ST15,2520,0,TRUE,,规则决策树→真实行车距离/作业均衡→硬约束终检→本次转运后钢包释放,input_complete:pass;ladle_state_repair_argon:pass;grade_age_weight_previous_grade:pass;crane_load_time_safety:pass;yellow_rule_score:warn.missing.ladle_state;crane_distance_and_workload:scored;ladle_reuse:immediate_release
IV9316A6::301072,IV9316A6,301072,decision_tree,已分配,ST51,1170,0,TRUE,,规则决策树→真实行车距离/作业均衡→硬约束终检→本次转运后钢包释放,input_complete:pass;ladle_state_repair_argon:pass;grade_age_weight_previous_grade:pass;crane_load_time_safety:pass;yellow_rule_score:warn.missing.ladle_state.empty_ladle_weight_not_enforced;crane_distance_and_workload:scored;ladle_reuse:immediate_release
DP0161D1::301073,DP0161D1,301073,decision_tree,已分配,ST09,3520,0,TRUE,,规则决策树→真实行车距离/作业均衡→硬约束终检→本次转运后钢包释放,input_complete:pass;ladle_state_repair_argon:pass;grade_age_weight_previous_grade:pass;crane_load_time_safety:pass;yellow_rule_score:warn.missing.ladle_state;crane_distance_and_workload:scored;ladle_reuse:immediate_release
AT5426A1::301074,AT5426A1,301074,decision_tree,已分配,ST07,3170,0,TRUE,,规则决策树→真实行车距离/作业均衡→硬约束终检→本次转运后钢包释放,input_complete:pass;ladle_state_repair_argon:pass;grade_age_weight_previous_grade:pass;crane_load_time_safety:pass;yellow_rule_score:warn.missing.ladle_state;crane_distance_and_workload:scored;ladle_reuse:immediate_release
DT0142D1::301075,DT0142D1,301075,decision_tree,已分配,ST08,1520,0,TRUE,,规则决策树→真实行车距离/作业均衡→硬约束终检→本次转运后钢包释放,input_complete:pass;ladle_state_repair_argon:pass;grade_age_weight_previous_grade:pass;crane_load_time_safety:pass;yellow_rule_score:warn.missing.ladle_state;crane_distance_and_workload:scored;ladle_reuse:immediate_release
DT0142D1::301044,DT0142D1,301044,decision_tree,已分配,ST51,1170,0,TRUE,,规则决策树→真实行车距离/作业均衡→硬约束终检→本次转运后钢包释放,input_complete:pass;ladle_state_repair_argon:pass;grade_age_weight_previous_grade:pass;crane_load_time_safety:pass;yellow_rule_score:warn.missing.ladle_state.empty_ladle_weight_not_enforced;crane_distance_and_workload:scored;ladle_reuse:immediate_release
JU7P2EP6::301045,JU7P2EP6,301045,decision_tree,已分配,ST51,1170,0,FALSE,,规则决策树→真实行车距离/作业均衡→硬约束终检→本次转运后钢包释放,input_complete:pass;ladle_state_repair_argon:pass;grade_age_weight_previous_grade:pass;crane_load_time_safety:pass;yellow_rule_score:warn.grade_not_enforced.missing.ladle_state.empty_ladle_weight_not_enforced;crane_distance_and_workload:scored;ladle_reuse:immediate_release
AQ2091E1::301046,AQ2091E1,301046,decision_tree,已分配,ST36,2500,0,FALSE,,规则决策树→真实行车距离/作业均衡→硬约束终检→本次转运后钢包释放,input_complete:pass;ladle_state_repair_argon:pass;grade_age_weight_previous_grade:pass;crane_load_time_safety:pass;yellow_rule_score:warn.grade_not_enforced.missing.ladle_state;crane_distance_and_workload:scored;ladle_reuse:immediate_release
JU7P2EP6::301047,JU7P2EP6,301047,decision_tree,已分配,ST51,1170,0,FALSE,,规则决策树→真实行车距离/作业均衡→硬约束终检→本次转运后钢包释放,input_complete:pass;ladle_state_repair_argon:pass;grade_age_weight_previous_grade:pass;crane_load_time_safety:pass;yellow_rule_score:warn.grade_not_enforced.missing.ladle_state.empty_ladle_weight_not_enforced;crane_distance_and_workload:scored;ladle_reuse:immediate_release
DT0128D9::301048,DT0128D9,301048,decision_tree,已分配,ST51,2170,0,TRUE,,规则决策树→真实行车距离/作业均衡→硬约束终检→本次转运后钢包释放,input_complete:pass;ladle_state_repair_argon:pass;grade_age_weight_previous_grade:pass;crane_load_time_safety:pass;yellow_rule_score:warn.missing.ladle_state.empty_ladle_weight_not_enforced;crane_distance_and_workload:scored;ladle_reuse:immediate_release
EU6810A3::301049,EU6810A3,301049,decision_tree,已分配,ST15,2520,0,TRUE,,规则决策树→真实行车距离/作业均衡→硬约束终检→本次转运后钢包释放,input_complete:pass;ladle_state_repair_argon:pass;grade_age_weight_previous_grade:pass;crane_load_time_safety:pass;yellow_rule_score:warn.missing.ladle_state;crane_distance_and_workload:scored;ladle_reuse:immediate_release